ALARM_NUMBER;SEVERITY;ALARM_TIME;CANCEL_STATE;CANCEL_TIME;NAME;CONSECUTIVE_NUMBER;ALARM_INSERTION_TIME;ALARM_UPDATE_TIME
7706;Major;07/09/2020 08:55;TRUE;07/09/2020 08:56;2G_KLK020;;;
7706;Major;07/09/2020 08:55;TRUE;07/09/2020 08:55;2G_KLK036;;;
7706;Major;07/09/2020 08:54;TRUE;07/09/2020 08:54;2G_KLK020;;;
7706;Major;07/09/2020 08:53;TRUE;07/09/2020 08:53;2G_KLK020;;;
7706;Major;07/09/2020 08:51;TRUE;07/09/2020 08:51;2G_KLK020;;;
7706;Major;07/09/2020 08:49;TRUE;07/09/2020 08:50;2G_KLK020;;;
7706;Major;07/09/2020 08:48;TRUE;07/09/2020 08:49;2G_KLK036;;;
7786;Major;07/09/2020 08:47;TRUE;07/09/2020 08:47;3G_ZG002;;;
7786;Major;07/09/2020 08:47;TRUE;07/09/2020 08:48;3G_ZG050;;;
7786;Major;07/09/2020 08:47;TRUE;07/09/2020 08:47;3G_ZG052;;;
7786;Major;07/09/2020 08:47;TRUE;07/09/2020 08:47;3G_ZG001;;;
7786;Major;07/09/2020 08:47;TRUE;07/09/2020 08:47;3G_ZG004;;;
7786;Major;07/09/2020 08:47;TRUE;07/09/2020 08:47;3G_ZG051;;;
7706;Major;07/09/2020 08:46;TRUE;07/09/2020 08:47;2G_KLK020;;;
7706;Major;07/09/2020 08:44;TRUE;07/09/2020 08:46;2G_KLK020;;;
7706;Major;07/09/2020 08:42;TRUE;07/09/2020 08:43;2G_KLK020;;;
7706;Major;07/09/2020 08:41;TRUE;07/09/2020 08:42;2G_KLK020;;;
7706;Major;07/09/2020 08:39;TRUE;07/09/2020 08:40;2G_KLK020;;;
7706;Major;07/09/2020 08:38;TRUE;07/09/2020 08:38;2G_KLK020;;;
7706;Major;07/09/2020 08:33;TRUE;07/09/2020 08:37;2G_KLK020;;;
7786;Major;07/09/2020 08:30;TRUE;07/09/2020 08:31;3G_ZG052;;;
7786;Major;07/09/2020 08:30;TRUE;07/09/2020 08:31;3G_ZG002;;;
7786;Major;07/09/2020 08:30;TRUE;07/09/2020 08:31;3G_ZG051;;;
7706;Major;07/09/2020 08:29;TRUE;07/09/2020 08:32;2G_KLK020;;;
7786;Major;07/09/2020 08:29;TRUE;07/09/2020 08:29;3G_ZG004;;;
7786;Major;07/09/2020 08:29;TRUE;07/09/2020 08:29;3G_ZG050;;;
7786;Major;07/09/2020 08:29;TRUE;07/09/2020 08:29;3G_ZG001;;;
7786;Major;07/09/2020 08:29;TRUE;07/09/2020 08:29;3G_ZG002;;;
7786;Major;07/09/2020 08:29;TRUE;07/09/2020 08:29;3G_ZG052;;;
7786;Major;07/09/2020 08:29;TRUE;07/09/2020 08:29;3G_ZG051;;;
7706;Major;07/09/2020 08:27;TRUE;07/09/2020 08:28;2G_KLK020;;;
7706;Major;07/09/2020 08:23;TRUE;07/09/2020 08:23;2G_KLK020;;;
7706;Major;07/09/2020 08:21;TRUE;07/09/2020 08:22;2G_KLK020;;;
7706;Major;07/09/2020 08:18;TRUE;07/09/2020 08:20;2G_KLK020;;;
7706;Major;07/09/2020 08:17;TRUE;07/09/2020 08:18;2G_KLK020;;;
7706;Major;07/09/2020 08:15;TRUE;07/09/2020 08:15;2G_KLK020;;;
7706;Major;07/09/2020 08:14;TRUE;07/09/2020 08:14;2G_KLK020;;;
7706;Major;07/09/2020 08:12;TRUE;07/09/2020 08:13;2G_KLK020;;;
7706;Major;07/09/2020 08:09;TRUE;07/09/2020 08:12;2G_KLK020;;;
7706;Major;07/09/2020 08:08;TRUE;07/09/2020 08:08;2G_KLK020;;;
7706;Major;07/09/2020 08:03;TRUE;07/09/2020 08:06;2G_KLK020;;;
7706;Major;07/09/2020 08:03;TRUE;07/09/2020 08:03;2G_KLK020;;;
7706;Major;07/09/2020 08:01;TRUE;07/09/2020 08:02;2G_KLK020;;;
7706;Major;07/09/2020 07:59;TRUE;07/09/2020 08:00;2G_KLK020;;;
7706;Major;07/09/2020 07:57;TRUE;07/09/2020 07:58;2G_KLK020;;;
7706;Major;07/09/2020 07:55;TRUE;07/09/2020 07:56;2G_KLK020;;;
7706;Major;07/09/2020 07:53;TRUE;07/09/2020 07:54;2G_KLK020;;;
7706;Major;07/09/2020 07:51;TRUE;07/09/2020 07:52;2G_KLK020;;;
7706;Major;07/09/2020 07:49;TRUE;07/09/2020 07:50;2G_KLK020;;;
7706;Major;07/09/2020 07:48;TRUE;07/09/2020 07:48;2G_KLK020;;;
7706;Major;07/09/2020 07:45;TRUE;07/09/2020 07:47;2G_KLK020;;;
7706;Major;07/09/2020 07:43;TRUE;07/09/2020 07:44;2G_KLK020;;;
7706;Major;07/09/2020 07:41;TRUE;07/09/2020 07:42;2G_KLK020;;;
7706;Major;07/09/2020 07:40;TRUE;07/09/2020 07:40;2G_KLK020;;;
7706;Major;07/09/2020 07:39;TRUE;07/09/2020 07:39;2G_KLK020;;;
7706;Major;07/09/2020 07:37;TRUE;07/09/2020 07:38;2G_KLK020;;;
7706;Major;07/09/2020 07:35;TRUE;07/09/2020 07:36;2G_KLK020;;;
7706;Major;07/09/2020 07:33;TRUE;07/09/2020 07:34;2G_KLK020;;;
7706;Major;07/09/2020 07:31;TRUE;07/09/2020 07:32;2G_KLK020;;;
7706;Major;07/09/2020 07:30;TRUE;07/09/2020 07:31;2G_KLK020;;;
7706;Major;07/09/2020 07:28;TRUE;07/09/2020 07:29;2G_KLK020;;;
7706;Major;07/09/2020 07:28;FALSE;;2G_KLK046;;;
7706;Major;07/09/2020 07:26;TRUE;07/09/2020 07:28;2G_KLK020;;;
7706;Major;07/09/2020 07:25;TRUE;07/09/2020 07:25;2G_KLK020;;;
7706;Major;07/09/2020 07:24;TRUE;07/09/2020 07:24;2G_KLK020;;;
7706;Major;07/09/2020 07:23;TRUE;07/09/2020 07:23;2G_KLK020;;;
7786;Major;07/09/2020 07:20;TRUE;07/09/2020 07:20;3G_ZG004;;;
7706;Major;07/09/2020 07:19;TRUE;07/09/2020 07:20;2G_KLK020;;;
7706;Major;07/09/2020 07:17;TRUE;07/09/2020 07:18;2G_KLK020;;;
7706;Major;07/09/2020 07:15;TRUE;07/09/2020 07:17;2G_KLK020;;;
7706;Major;07/09/2020 07:13;TRUE;07/09/2020 07:14;2G_KLK020;;;
7706;Major;07/09/2020 07:11;TRUE;07/09/2020 07:13;2G_KLK020;;;
7706;Major;07/09/2020 07:11;TRUE;07/09/2020 07:11;2G_KLK020;;;
7706;Major;07/09/2020 07:10;TRUE;07/09/2020 07:10;2G_KLK020;;;
7706;Major;07/09/2020 07:07;TRUE;07/09/2020 07:09;2G_KLK020;;;
7706;Major;07/09/2020 07:05;TRUE;07/09/2020 07:06;2G_KLK020;;;
7786;Major;07/09/2020 07:03;TRUE;07/09/2020 07:04;3G_ZG051;;;
7706;Major;07/09/2020 07:02;TRUE;07/09/2020 07:04;2G_KLK020;;;
7706;Major;07/09/2020 07:01;TRUE;07/09/2020 07:01;2G_KLK020;;;
7706;Major;07/09/2020 06:58;TRUE;07/09/2020 07:00;2G_KLK020;;;
7706;Major;07/09/2020 06:56;TRUE;07/09/2020 06:57;2G_KLK020;;;
7706;Major;07/09/2020 06:54;TRUE;07/09/2020 06:55;2G_KLK020;;;
7706;Major;07/09/2020 06:53;TRUE;07/09/2020 06:54;2G_KLK020;;;
7706;Major;07/09/2020 06:52;TRUE;07/09/2020 06:52;2G_KLK020;;;
7706;Major;07/09/2020 06:51;TRUE;07/09/2020 06:51;2G_KLK020;;;
7706;Major;07/09/2020 06:49;TRUE;07/09/2020 06:50;2G_KLK020;;;
7706;Major;07/09/2020 06:47;TRUE;07/09/2020 06:49;2G_KLK020;;;
7706;Major;07/09/2020 06:44;TRUE;07/09/2020 06:44;2G_KLK020;;;
7706;Major;07/09/2020 06:42;TRUE;07/09/2020 06:43;2G_KLK020;;;
7706;Major;07/09/2020 06:40;TRUE;07/09/2020 06:41;2G_KLK020;;;
7706;Major;07/09/2020 06:39;TRUE;07/09/2020 06:39;2G_KLK020;;;
7706;Major;07/09/2020 06:35;TRUE;07/09/2020 06:35;2G_KLK048;;;
7706;Major;07/09/2020 06:30;TRUE;07/09/2020 06:30;2G_KLK020;;;
7706;Major;07/09/2020 06:28;TRUE;07/09/2020 06:29;2G_KLK020;;;
7706;Major;07/09/2020 06:25;TRUE;07/09/2020 06:27;2G_KLK020;;;
7706;Major;07/09/2020 06:23;TRUE;07/09/2020 06:23;2G_KLK020;;;
7706;Major;07/09/2020 06:21;TRUE;07/09/2020 06:22;2G_KLK020;;;
7706;Major;07/09/2020 06:15;TRUE;07/09/2020 06:16;2G_KLK020;;;
7706;Major;07/09/2020 06:13;TRUE;07/09/2020 06:13;2G_KLK020;;;
7706;Major;07/09/2020 06:11;TRUE;07/09/2020 06:12;2G_KLK020;;;
7706;Major;07/09/2020 06:10;TRUE;07/09/2020 06:10;2G_KLK020;;;
7706;Major;07/09/2020 06:08;TRUE;07/09/2020 06:09;2G_KLK020;;;
7706;Major;07/09/2020 06:07;TRUE;07/09/2020 06:08;2G_KLK020;;;
7706;Major;07/09/2020 06:06;TRUE;07/09/2020 06:06;2G_KLK020;;;
7706;Major;07/09/2020 06:05;TRUE;07/09/2020 06:05;2G_KLK020;;;
7706;Major;07/09/2020 06:03;TRUE;07/09/2020 06:04;2G_KLK020;;;
7706;Major;07/09/2020 05:59;TRUE;07/09/2020 06:00;2G_KLK020;;;
7706;Major;07/09/2020 05:55;TRUE;07/09/2020 05:56;2G_KLK020;;;
7786;Major;07/09/2020 05:54;TRUE;07/09/2020 05:55;3G_ZG002;;;
7786;Major;07/09/2020 05:54;TRUE;07/09/2020 05:55;3G_ZG052;;;
7706;Major;07/09/2020 05:51;TRUE;07/09/2020 05:52;2G_KLK020;;;
7706;Major;07/09/2020 05:47;TRUE;07/09/2020 05:48;2G_KLK020;;;
7706;Major;07/09/2020 05:45;TRUE;07/09/2020 05:47;2G_KLK020;;;
7706;Major;07/09/2020 05:44;TRUE;07/09/2020 05:45;2G_KLK020;;;
7706;Major;07/09/2020 05:42;TRUE;07/09/2020 05:43;2G_KLK020;;;
7706;Major;07/09/2020 05:40;TRUE;07/09/2020 05:41;2G_KLK020;;;
7706;Major;07/09/2020 05:39;TRUE;07/09/2020 05:39;2G_KLK020;;;
7786;Major;07/09/2020 05:38;TRUE;07/09/2020 05:38;3G_ZG004;;;
7786;Major;07/09/2020 05:37;TRUE;07/09/2020 05:38;3G_ZG052;;;
7786;Major;07/09/2020 05:37;TRUE;07/09/2020 05:37;3G_ZG004;;;
7786;Major;07/09/2020 05:36;TRUE;07/09/2020 05:38;3G_ZG002;;;
7786;Major;07/09/2020 05:36;TRUE;07/09/2020 05:38;3G_ZG051;;;
7786;Major;07/09/2020 05:36;TRUE;07/09/2020 05:38;3G_ZG050;;;
7786;Major;07/09/2020 05:36;TRUE;07/09/2020 05:38;3G_ZG001;;;
7706;Major;07/09/2020 05:32;TRUE;07/09/2020 05:32;2G_KLK020;;;
7706;Major;07/09/2020 05:27;TRUE;07/09/2020 05:28;2G_KLK020;;;
7706;Major;07/09/2020 05:25;TRUE;07/09/2020 05:26;2G_KLK020;;;
7706;Major;07/09/2020 05:23;TRUE;07/09/2020 05:23;2G_KLK020;;;
7786;Major;07/09/2020 05:21;TRUE;07/09/2020 05:22;3G_ZG004;;;
7786;Major;07/09/2020 05:21;TRUE;07/09/2020 05:22;3G_ZG052;;;
7786;Major;07/09/2020 05:21;TRUE;07/09/2020 05:22;3G_ZG050;;;
7786;Major;07/09/2020 05:21;TRUE;07/09/2020 05:22;3G_ZG051;;;
7706;Major;07/09/2020 05:21;TRUE;07/09/2020 05:22;2G_KLK020;;;
7706;Major;07/09/2020 05:19;TRUE;07/09/2020 05:20;2G_KLK020;;;
7706;Major;07/09/2020 05:16;TRUE;07/09/2020 05:16;2G_KLK020;;;
7786;Major;07/09/2020 05:10;TRUE;07/09/2020 05:11;3G_ZG051;;;
7786;Major;07/09/2020 05:10;TRUE;07/09/2020 05:11;3G_ZG052;;;
7786;Major;07/09/2020 05:10;TRUE;07/09/2020 05:11;3G_ZG001;;;
7786;Major;07/09/2020 05:10;TRUE;07/09/2020 05:11;3G_ZG002;;;
7786;Major;07/09/2020 05:10;TRUE;07/09/2020 05:11;3G_ZG050;;;
7786;Major;07/09/2020 05:10;TRUE;07/09/2020 05:11;3G_ZG004;;;
7706;Major;07/09/2020 05:03;TRUE;07/09/2020 05:03;2G_KLK020;;;
7786;Major;07/09/2020 04:59;TRUE;07/09/2020 05:00;3G_ZG002;;;
7786;Major;07/09/2020 04:59;TRUE;07/09/2020 05:00;3G_ZG052;;;
7786;Major;07/09/2020 04:59;TRUE;07/09/2020 05:00;3G_ZG050;;;
7786;Major;07/09/2020 04:59;TRUE;07/09/2020 05:00;3G_ZG051;;;
7706;Major;07/09/2020 04:58;TRUE;07/09/2020 04:59;2G_KLK020;;;
7706;Major;07/09/2020 04:55;TRUE;07/09/2020 04:56;2G_KLK020;;;
7786;Major;07/09/2020 04:53;TRUE;07/09/2020 04:54;3G_ZG004;;;
7786;Major;07/09/2020 04:53;TRUE;07/09/2020 04:54;3G_ZG002;;;
7786;Major;07/09/2020 04:53;TRUE;07/09/2020 04:54;3G_ZG001;;;
7786;Major;07/09/2020 04:53;TRUE;07/09/2020 04:54;3G_ZG051;;;
7786;Major;07/09/2020 04:53;TRUE;07/09/2020 04:54;3G_ZG052;;;
7786;Major;07/09/2020 04:53;TRUE;07/09/2020 04:54;3G_ZG050;;;
7706;Major;07/09/2020 04:49;TRUE;07/09/2020 04:53;2G_KLK020;;;
7706;Major;07/09/2020 04:47;TRUE;07/09/2020 04:48;2G_KLK020;;;
7706;Major;07/09/2020 04:45;TRUE;07/09/2020 04:45;2G_KLK020;;;
7706;Major;07/09/2020 04:44;TRUE;07/09/2020 04:44;2G_KLK020;;;
7706;Major;07/09/2020 04:41;TRUE;07/09/2020 04:42;2G_KLK020;;;
7706;Major;07/09/2020 04:40;TRUE;07/09/2020 04:41;2G_KLK020;;;
7706;Major;07/09/2020 04:39;TRUE;07/09/2020 04:40;2G_KLK020;;;
7706;Major;07/09/2020 04:36;TRUE;07/09/2020 04:38;2G_KLK020;;;
7706;Major;07/09/2020 04:32;TRUE;07/09/2020 04:33;2G_KLK020;;;
7706;Major;07/09/2020 04:30;TRUE;07/09/2020 04:31;2G_KLK020;;;
7706;Major;07/09/2020 04:28;TRUE;07/09/2020 04:29;2G_KLK020;;;
7706;Major;07/09/2020 04:26;TRUE;07/09/2020 04:26;2G_KLK020;;;
7706;Major;07/09/2020 04:22;TRUE;07/09/2020 04:22;2G_KLK020;;;
7706;Major;07/09/2020 04:16;TRUE;07/09/2020 04:18;2G_KLK020;;;
7706;Major;07/09/2020 04:15;TRUE;07/09/2020 04:15;2G_KLK020;;;
7706;Major;07/09/2020 04:11;TRUE;07/09/2020 04:11;2G_ZG051;;;
7706;Major;07/09/2020 04:11;TRUE;07/09/2020 04:11;2G_ZG028;;;
7706;Major;07/09/2020 04:11;TRUE;07/09/2020 04:11;2G_ZG004;;;
7706;Major;07/09/2020 04:11;TRUE;07/09/2020 04:11;2G_ZG050;;;
7706;Major;07/09/2020 04:11;TRUE;07/09/2020 04:11;2G_ZG002;;;
7786;Major;07/09/2020 04:10;TRUE;07/09/2020 04:11;3G_ZG050;;;
7706;Major;07/09/2020 04:07;TRUE;07/09/2020 04:09;2G_KLK020;;;
7706;Major;07/09/2020 04:05;TRUE;07/09/2020 04:07;2G_KLK020;;;
7706;Major;07/09/2020 04:04;TRUE;07/09/2020 04:04;2G_KLK020;;;
7706;Major;07/09/2020 04:01;TRUE;07/09/2020 04:02;2G_KLK020;;;
7706;Major;07/09/2020 03:59;TRUE;07/09/2020 04:00;2G_KLK020;;;
7706;Major;07/09/2020 03:58;TRUE;07/09/2020 03:58;2G_KLK020;;;
7706;Major;07/09/2020 03:56;TRUE;07/09/2020 03:57;2G_KLK020;;;
7706;Major;07/09/2020 03:53;TRUE;07/09/2020 03:54;2G_KLK020;;;
7706;Major;07/09/2020 03:52;TRUE;07/09/2020 03:52;2G_KLK020;;;
7706;Major;07/09/2020 03:47;TRUE;07/09/2020 03:50;2G_KLK020;;;
7706;Major;07/09/2020 03:45;TRUE;07/09/2020 03:46;2G_KLK020;;;
7706;Major;07/09/2020 03:44;TRUE;07/09/2020 03:45;2G_KLK020;;;
7706;Major;07/09/2020 03:42;TRUE;07/09/2020 03:43;2G_KLK020;;;
7706;Major;07/09/2020 03:36;TRUE;07/09/2020 03:38;2G_KLK020;;;
7706;Major;07/09/2020 03:34;TRUE;07/09/2020 03:35;2G_KLK020;;;
7706;Major;07/09/2020 03:32;TRUE;07/09/2020 03:33;2G_KLK020;;;
7706;Major;07/09/2020 03:28;TRUE;07/09/2020 03:31;2G_KLK020;;;
7706;Major;07/09/2020 03:27;TRUE;07/09/2020 03:27;2G_KLK020;;;
7706;Major;07/09/2020 03:26;TRUE;07/09/2020 03:26;2G_KLK020;;;
7706;Major;07/09/2020 03:23;TRUE;07/09/2020 03:25;2G_KLK020;;;
7706;Major;07/09/2020 03:22;TRUE;07/09/2020 03:22;2G_KLK020;;;
7786;Major;07/09/2020 03:21;TRUE;07/09/2020 03:22;3G_ZG004;;;
7786;Major;07/09/2020 03:21;TRUE;07/09/2020 03:22;3G_ZG002;;;
7786;Major;07/09/2020 03:21;TRUE;07/09/2020 03:22;3G_ZG050;;;
7786;Major;07/09/2020 03:21;TRUE;07/09/2020 03:22;3G_ZG052;;;
7706;Major;07/09/2020 03:20;TRUE;07/09/2020 03:21;2G_KLK020;;;
7706;Major;07/09/2020 03:18;TRUE;07/09/2020 03:19;2G_KLK020;;;
7706;Major;07/09/2020 03:16;TRUE;07/09/2020 03:17;2G_KLK020;;;
7706;Major;07/09/2020 03:12;TRUE;07/09/2020 03:13;2G_KLK020;;;
7706;Major;07/09/2020 03:11;TRUE;07/09/2020 03:12;2G_KLK020;;;
7706;Major;07/09/2020 03:10;TRUE;07/09/2020 03:10;2G_KLK020;;;
7706;Major;07/09/2020 03:07;TRUE;07/09/2020 03:09;2G_KLK020;;;
7706;Major;07/09/2020 03:06;TRUE;07/09/2020 03:06;2G_KLK020;;;
7706;Major;07/09/2020 03:04;TRUE;07/09/2020 03:05;2G_KLK020;;;
7706;Major;07/09/2020 03:03;TRUE;07/09/2020 03:03;2G_KLK020;;;
7706;Major;07/09/2020 03:00;TRUE;07/09/2020 03:01;2G_KLK020;;;
7706;Major;07/09/2020 02:59;TRUE;07/09/2020 03:00;2G_KLK020;;;
7706;Major;07/09/2020 02:58;TRUE;07/09/2020 02:59;2G_KLK020;;;
7706;Major;07/09/2020 02:57;TRUE;07/09/2020 02:57;2G_KLK020;;;
7706;Major;07/09/2020 02:54;TRUE;07/09/2020 02:56;2G_KLK020;;;
7706;Major;07/09/2020 02:53;TRUE;07/09/2020 02:53;2G_KLK020;;;
7706;Major;07/09/2020 02:51;TRUE;07/09/2020 02:52;2G_KLK020;;;
7706;Major;07/09/2020 02:47;TRUE;07/09/2020 02:48;2G_KLK020;;;
7706;Major;07/09/2020 02:46;TRUE;07/09/2020 02:46;2G_KLK020;;;
7706;Major;07/09/2020 02:45;TRUE;07/09/2020 02:45;2G_KLK020;;;
7706;Major;07/09/2020 02:43;TRUE;07/09/2020 02:43;2G_KLK020;;;
7786;Major;07/09/2020 02:41;TRUE;07/09/2020 02:42;3G_ZG002;;;
7706;Major;07/09/2020 02:40;TRUE;07/09/2020 02:42;2G_KLK020;;;
7706;Major;07/09/2020 02:39;TRUE;07/09/2020 02:40;2G_KLK020;;;
7706;Major;07/09/2020 02:38;TRUE;07/09/2020 02:38;2G_KLK020;;;
7706;Major;07/09/2020 02:36;TRUE;07/09/2020 02:37;2G_KLK020;;;
7706;Major;07/09/2020 02:35;TRUE;07/09/2020 02:35;2G_KLK020;;;
7706;Major;07/09/2020 02:33;TRUE;07/09/2020 02:34;2G_KLK020;;;
7706;Major;07/09/2020 02:32;TRUE;07/09/2020 02:33;2G_KLK020;;;
7706;Major;07/09/2020 02:29;TRUE;07/09/2020 02:31;2G_KLK020;;;
7706;Major;07/09/2020 02:27;TRUE;07/09/2020 02:28;2G_KLK020;;;
7706;Major;07/09/2020 02:25;TRUE;07/09/2020 02:26;2G_KLK020;;;
7786;Major;07/09/2020 02:25;TRUE;07/09/2020 02:25;3G_ZG002;;;
7786;Major;07/09/2020 02:25;TRUE;07/09/2020 02:25;3G_ZG051;;;
7786;Major;07/09/2020 02:25;TRUE;07/09/2020 02:25;3G_ZG004;;;
7786;Major;07/09/2020 02:25;TRUE;07/09/2020 02:25;3G_ZG052;;;
7706;Major;07/09/2020 02:24;TRUE;07/09/2020 02:24;2G_KLK020;;;
7706;Major;07/09/2020 02:22;TRUE;07/09/2020 02:23;2G_KLK020;;;
7706;Major;07/09/2020 02:20;TRUE;07/09/2020 02:21;2G_KLK020;;;
7706;Major;07/09/2020 02:17;TRUE;07/09/2020 02:18;2G_KLK020;;;
7706;Major;07/09/2020 02:15;TRUE;07/09/2020 02:15;2G_KLK020;;;
7706;Major;07/09/2020 02:13;TRUE;07/09/2020 02:14;2G_KLK020;;;
7786;Major;07/09/2020 02:12;TRUE;07/09/2020 02:13;3G_ZG004;;;
7706;Major;07/09/2020 02:10;TRUE;07/09/2020 02:10;2G_KLK020;;;
7706;Major;07/09/2020 02:07;TRUE;07/09/2020 02:08;2G_KLK020;;;
7706;Major;07/09/2020 02:05;TRUE;07/09/2020 02:06;2G_KLK020;;;
7706;Major;07/09/2020 02:03;TRUE;07/09/2020 02:05;2G_KLK020;;;
7706;Major;07/09/2020 02:01;TRUE;07/09/2020 02:02;2G_KLK020;;;
7706;Major;07/09/2020 01:59;TRUE;07/09/2020 02:00;2G_KLK020;;;
7706;Major;07/09/2020 01:57;TRUE;07/09/2020 01:59;2G_KLK020;;;
7706;Major;07/09/2020 01:52;TRUE;07/09/2020 01:53;2G_KLK020;;;
7706;Major;07/09/2020 01:48;TRUE;07/09/2020 01:50;2G_KLK020;;;
7706;Major;07/09/2020 01:46;TRUE;07/09/2020 01:48;2G_KLK020;;;
7706;Major;07/09/2020 01:45;TRUE;07/09/2020 01:46;2G_KLK020;;;
7706;Major;07/09/2020 01:43;TRUE;07/09/2020 01:44;2G_KLK020;;;
7706;Major;07/09/2020 01:41;TRUE;07/09/2020 01:42;2G_KLK020;;;
7706;Major;07/09/2020 01:39;TRUE;07/09/2020 01:40;2G_KLK020;;;
7706;Major;07/09/2020 01:38;TRUE;07/09/2020 01:38;2G_KLK020;;;
7706;Major;07/09/2020 01:37;TRUE;07/09/2020 01:37;2G_KLK020;;;
7706;Major;07/09/2020 01:33;TRUE;07/09/2020 01:35;2G_KLK020;;;
7706;Major;07/09/2020 01:31;TRUE;07/09/2020 01:31;2G_KLK020;;;
7706;Major;07/09/2020 01:29;TRUE;07/09/2020 01:30;2G_KLK020;;;
7706;Major;07/09/2020 01:27;TRUE;07/09/2020 01:28;2G_KLK020;;;
7706;Major;07/09/2020 01:25;TRUE;07/09/2020 01:26;2G_KLK020;;;
7706;Major;07/09/2020 01:23;TRUE;07/09/2020 01:24;2G_KLK020;;;
7706;Major;07/09/2020 01:20;TRUE;07/09/2020 01:22;2G_KLK020;;;
7706;Major;07/09/2020 01:15;TRUE;07/09/2020 01:18;2G_KLK020;;;
7706;Major;07/09/2020 01:14;TRUE;07/09/2020 01:15;2G_KLK020;;;
7706;Major;07/09/2020 01:12;TRUE;07/09/2020 01:13;2G_KLK020;;;
7706;Major;07/09/2020 01:10;TRUE;07/09/2020 01:11;2G_KLK020;;;
7706;Major;07/09/2020 01:08;TRUE;07/09/2020 01:08;2G_KLK020;;;
7706;Major;07/09/2020 01:06;TRUE;07/09/2020 01:08;2G_KLK020;;;
7706;Major;07/09/2020 01:05;TRUE;07/09/2020 01:05;2G_KLK020;;;
7706;Major;07/09/2020 01:04;TRUE;07/09/2020 01:05;2G_KLK020;;;
7706;Major;07/09/2020 01:03;TRUE;07/09/2020 01:03;2G_KLK020;;;
7706;Major;07/09/2020 01:03;TRUE;07/09/2020 01:03;2G_KLK048;;;
7706;Major;07/09/2020 01:01;TRUE;07/09/2020 01:02;2G_KLK020;;;
7706;Major;07/09/2020 00:59;TRUE;07/09/2020 01:00;2G_KLK020;;;
7706;Major;07/09/2020 00:57;TRUE;07/09/2020 00:59;2G_KLK020;;;
7706;Major;07/09/2020 00:56;TRUE;07/09/2020 00:57;2G_KLK020;;;
7706;Major;07/09/2020 00:55;TRUE;07/09/2020 00:55;2G_KLK020;;;
7706;Major;07/09/2020 00:52;TRUE;07/09/2020 00:54;2G_KLK020;;;
7706;Major;07/09/2020 00:49;TRUE;07/09/2020 00:50;2G_KLK020;;;
7706;Major;07/09/2020 00:45;TRUE;07/09/2020 00:45;2G_KLK020;;;
7706;Major;07/09/2020 00:43;TRUE;07/09/2020 00:44;2G_KLK020;;;
7706;Major;07/09/2020 00:40;TRUE;07/09/2020 00:41;2G_KLK020;;;
7706;Major;07/09/2020 00:38;TRUE;07/09/2020 00:38;2G_KLK047;;;
7706;Major;07/09/2020 00:37;TRUE;07/09/2020 00:38;2G_KLK020;;;
7706;Major;07/09/2020 00:36;TRUE;07/09/2020 00:36;2G_KLK020;;;
7706;Major;07/09/2020 00:35;TRUE;07/09/2020 00:36;2G_KLK048;;;
7706;Major;07/09/2020 00:33;TRUE;07/09/2020 00:35;2G_KLK020;;;
7706;Major;07/09/2020 00:32;TRUE;07/09/2020 00:32;2G_KLK020;;;
7706;Major;07/09/2020 00:30;TRUE;07/09/2020 00:30;2G_KLK020;;;
7706;Major;07/09/2020 00:27;TRUE;07/09/2020 00:27;2G_KLK020;;;
7706;Major;07/09/2020 00:24;TRUE;07/09/2020 00:25;2G_KLK020;;;
7706;Major;07/09/2020 00:21;TRUE;07/09/2020 00:24;2G_KLK020;;;
7706;Major;07/09/2020 00:20;TRUE;07/09/2020 00:21;2G_KLK020;;;
7706;Major;07/09/2020 00:19;TRUE;07/09/2020 00:19;2G_ZG028;;;
7706;Major;07/09/2020 00:19;TRUE;07/09/2020 00:19;2G_ZG052;;;
7706;Major;07/09/2020 00:19;TRUE;07/09/2020 00:19;2G_ZG004;;;
7706;Major;07/09/2020 00:19;TRUE;07/09/2020 00:19;2G_ZG050;;;
7706;Major;07/09/2020 00:19;TRUE;07/09/2020 00:19;2G_ZG001;;;
7706;Major;07/09/2020 00:17;TRUE;07/09/2020 00:19;2G_KLK020;;;
7706;Major;07/09/2020 00:15;TRUE;07/09/2020 00:16;2G_KLK020;;;
7706;Major;07/09/2020 00:14;TRUE;07/09/2020 00:14;2G_KLK020;;;
7706;Major;07/09/2020 00:13;TRUE;07/09/2020 00:13;2G_KLK048;;;
7706;Major;07/09/2020 00:13;TRUE;07/09/2020 00:13;2G_KLK047;;;
7706;Major;07/09/2020 00:12;TRUE;07/09/2020 00:12;2G_KLK047;;;
7706;Major;07/09/2020 00:11;TRUE;07/09/2020 00:11;2G_KLK020;;;
7706;Major;07/09/2020 00:11;TRUE;07/09/2020 00:11;2G_KLK048;;;
7706;Major;07/09/2020 00:10;TRUE;07/09/2020 00:10;2G_KLK020;;;
7706;Major;07/09/2020 00:08;TRUE;07/09/2020 00:08;2G_KLK020;;;
7706;Major;07/09/2020 00:06;TRUE;07/09/2020 00:07;2G_KLK020;;;
7706;Major;07/09/2020 00:06;TRUE;07/09/2020 00:06;2G_KLK020;;;
7706;Major;07/09/2020 00:01;TRUE;07/09/2020 00:04;2G_KLK020;;;
7706;Major;07/08/2020 23:58;TRUE;07/08/2020 23:58;2G_ZG052;;;
7706;Major;07/08/2020 23:58;TRUE;07/08/2020 23:59;2G_ZG001;;;
7706;Major;07/08/2020 23:58;TRUE;07/08/2020 23:58;2G_ZG028;;;
7706;Major;07/08/2020 23:58;TRUE;07/09/2020 00:00;2G_KLK020;;;
7706;Major;07/08/2020 23:55;TRUE;07/08/2020 23:57;2G_KLK020;;;
7706;Major;07/08/2020 23:55;TRUE;07/08/2020 23:56;2G_KLK047;;;
7706;Major;07/08/2020 23:55;TRUE;07/08/2020 23:55;2G_KLK048;;;
7706;Major;07/08/2020 23:54;TRUE;07/08/2020 23:54;2G_KLK020;;;
7706;Major;07/08/2020 23:53;TRUE;07/08/2020 23:53;2G_KLK020;;;
7706;Major;07/08/2020 23:51;TRUE;07/08/2020 23:52;2G_KLK020;;;
7706;Major;07/08/2020 23:48;TRUE;07/08/2020 23:48;2G_KLK047;;;
7706;Major;07/08/2020 23:48;TRUE;07/08/2020 23:50;2G_KLK020;;;
7706;Major;07/08/2020 23:48;TRUE;07/08/2020 23:48;2G_KLK048;;;
7706;Major;07/08/2020 23:46;TRUE;07/08/2020 23:47;2G_KLK020;;;
7706;Major;07/08/2020 23:46;TRUE;07/08/2020 23:46;2G_KLK036;;;
7706;Major;07/08/2020 23:44;TRUE;07/08/2020 23:46;2G_KLK020;;;
7706;Major;07/08/2020 23:42;TRUE;07/08/2020 23:44;2G_KLK020;;;
7706;Major;07/08/2020 23:41;TRUE;07/08/2020 23:41;2G_KLK020;;;
7706;Major;07/08/2020 23:39;TRUE;07/08/2020 23:40;2G_KLK020;;;
7706;Major;07/08/2020 23:35;TRUE;07/08/2020 23:37;2G_KLK020;;;
7706;Major;07/08/2020 23:32;TRUE;07/08/2020 23:32;2G_KLK047;;;
7706;Major;07/08/2020 23:30;TRUE;07/08/2020 23:30;2G_KLK036;;;
7706;Major;07/08/2020 23:29;TRUE;07/08/2020 23:30;2G_KLK020;;;
7706;Major;07/08/2020 23:27;TRUE;07/08/2020 23:27;2G_KLK048;;;
7706;Major;07/08/2020 23:24;TRUE;07/08/2020 23:24;2G_KLK020;;;
7706;Major;07/08/2020 23:23;TRUE;07/08/2020 23:25;2G_KLK047;;;
7706;Major;07/08/2020 23:23;TRUE;07/08/2020 23:24;2G_KLK036;;;
7706;Major;07/08/2020 23:23;TRUE;07/08/2020 23:24;2G_KLK048;;;
7706;Major;07/08/2020 23:21;TRUE;07/08/2020 23:23;2G_KLK020;;;
7706;Major;07/08/2020 23:18;TRUE;07/08/2020 23:18;2G_KLK036;;;
7706;Major;07/08/2020 23:18;TRUE;07/08/2020 23:18;2G_KLK048;;;
7706;Major;07/08/2020 23:16;TRUE;07/08/2020 23:16;2G_KLK036;;;
7706;Major;07/08/2020 23:12;TRUE;07/08/2020 23:16;2G_KLK020;;;
7706;Major;07/08/2020 23:09;TRUE;07/08/2020 23:11;2G_KLK020;;;
7706;Major;07/08/2020 23:04;TRUE;07/08/2020 23:05;2G_KLK020;;;
7706;Major;07/08/2020 23:01;TRUE;07/08/2020 23:03;2G_KLK020;;;
7706;Major;07/08/2020 22:59;TRUE;07/08/2020 23:01;2G_KLK020;;;
7706;Major;07/08/2020 22:58;TRUE;07/08/2020 22:58;2G_KLK020;;;
7706;Major;07/08/2020 22:57;TRUE;07/08/2020 22:58;2G_KLK020;;;
7706;Major;07/08/2020 22:56;TRUE;07/08/2020 22:56;2G_KLK047;;;
7706;Major;07/08/2020 22:55;TRUE;07/08/2020 22:56;2G_KLK020;;;
7706;Major;07/08/2020 22:51;TRUE;07/08/2020 22:54;2G_KLK020;;;
7706;Major;07/08/2020 22:49;TRUE;07/08/2020 22:49;2G_KLK048;;;
7706;Major;07/08/2020 22:49;TRUE;07/08/2020 22:49;2G_KLK036;;;
7706;Major;07/08/2020 22:48;TRUE;07/08/2020 22:50;2G_KLK020;;;
7706;Major;07/08/2020 22:46;TRUE;07/08/2020 22:47;2G_KLK020;;;
7706;Major;07/08/2020 22:43;TRUE;07/08/2020 22:43;2G_ZG050;;;
7706;Major;07/08/2020 22:40;TRUE;07/08/2020 22:45;2G_KLK020;;;
7706;Major;07/08/2020 22:38;TRUE;07/08/2020 22:39;2G_KLK020;;;
7706;Major;07/08/2020 22:37;TRUE;07/08/2020 22:38;2G_KLK020;;;
7706;Major;07/08/2020 22:30;TRUE;07/08/2020 22:32;2G_KLK020;;;
7706;Major;07/08/2020 22:27;TRUE;07/08/2020 22:29;2G_KLK020;;;
7706;Major;07/08/2020 22:26;TRUE;07/08/2020 22:26;2G_KLK020;;;
7706;Major;07/08/2020 22:25;TRUE;07/08/2020 22:25;2G_KLK020;;;
7706;Major;07/08/2020 22:22;TRUE;07/08/2020 22:24;2G_KLK020;;;
7706;Major;07/08/2020 22:18;TRUE;07/08/2020 22:18;2G_KLK036;;;
7706;Major;07/08/2020 22:14;TRUE;07/08/2020 22:14;2G_KLK036;;;
7706;Major;07/08/2020 22:11;TRUE;07/08/2020 22:21;2G_KLK020;;;
7706;Major;07/08/2020 22:11;TRUE;07/08/2020 22:11;2G_KLK036;;;
7706;Major;07/08/2020 22:09;TRUE;07/08/2020 22:11;2G_KLK020;;;
7706;Major;07/08/2020 22:01;TRUE;07/08/2020 22:01;2G_KLK020;;;
7706;Major;07/08/2020 22:00;TRUE;07/08/2020 22:00;2G_KLK036;;;
7706;Major;07/08/2020 21:58;TRUE;07/08/2020 21:58;2G_KLK036;;;
7706;Major;07/08/2020 21:57;TRUE;07/08/2020 21:59;2G_KLK020;;;
7706;Major;07/08/2020 21:55;TRUE;07/08/2020 21:55;2G_KLK047;;;
7706;Major;07/08/2020 21:55;TRUE;07/08/2020 21:55;2G_KLK036;;;
7706;Major;07/08/2020 21:54;TRUE;07/08/2020 21:54;2G_KLK020;;;
7706;Major;07/08/2020 21:53;TRUE;07/08/2020 21:53;2G_KLK036;;;
7706;Major;07/08/2020 21:53;TRUE;07/08/2020 21:53;2G_KLK047;;;
7706;Major;07/08/2020 21:49;TRUE;07/08/2020 21:49;2G_KLK020;;;
7706;Major;07/08/2020 21:46;TRUE;07/08/2020 21:47;2G_KLK036;;;
7706;Major;07/08/2020 21:44;TRUE;07/08/2020 21:45;2G_KLK020;;;
7706;Major;07/08/2020 21:42;TRUE;07/08/2020 21:43;2G_KLK020;;;
7706;Major;07/08/2020 21:41;TRUE;07/08/2020 21:41;2G_KLK047;;;
7706;Major;07/08/2020 21:38;TRUE;07/08/2020 21:38;2G_KLK036;;;
7706;Major;07/08/2020 21:37;TRUE;07/08/2020 21:38;2G_KLK047;;;
7706;Major;07/08/2020 21:35;TRUE;07/08/2020 21:35;2G_KLK036;;;
7706;Major;07/08/2020 21:34;TRUE;07/08/2020 21:35;2G_KLK047;;;
7706;Major;07/08/2020 21:34;TRUE;07/08/2020 21:34;2G_KLK048;;;
7706;Major;07/08/2020 21:33;TRUE;07/08/2020 21:34;2G_KLK036;;;
7706;Major;07/08/2020 21:33;TRUE;07/08/2020 21:37;2G_KLK020;;;
7706;Major;07/08/2020 21:31;TRUE;07/08/2020 21:33;2G_KLK020;;;
7706;Major;07/08/2020 21:30;TRUE;07/08/2020 21:30;2G_KLK047;;;
7706;Major;07/08/2020 21:28;TRUE;07/08/2020 21:28;2G_KLK048;;;
7706;Major;07/08/2020 21:27;TRUE;07/08/2020 21:31;2G_KLK020;;;
7706;Major;07/08/2020 21:26;TRUE;07/08/2020 21:27;2G_KLK048;;;
7706;Major;07/08/2020 21:24;TRUE;07/08/2020 21:25;2G_KLK047;;;
7706;Major;07/08/2020 21:20;TRUE;07/08/2020 21:27;2G_KLK020;;;
7706;Major;07/08/2020 21:19;TRUE;07/08/2020 21:19;2G_KLK036;;;
7706;Major;07/08/2020 21:18;TRUE;07/08/2020 21:19;2G_KLK020;;;
7706;Major;07/08/2020 21:17;TRUE;07/08/2020 21:17;2G_KLK047;;;
7706;Major;07/08/2020 21:14;TRUE;07/08/2020 21:15;2G_KLK047;;;
7706;Major;07/08/2020 21:14;TRUE;07/08/2020 21:15;2G_KLK020;;;
7706;Major;07/08/2020 21:13;TRUE;07/08/2020 21:13;2G_ZG004;;;
7706;Major;07/08/2020 21:13;TRUE;07/08/2020 21:13;2G_ZG050;;;
7706;Major;07/08/2020 21:13;TRUE;07/08/2020 21:13;2G_ZG028;;;
7706;Major;07/08/2020 21:11;TRUE;07/08/2020 21:13;2G_KLK020;;;
7706;Major;07/08/2020 21:10;TRUE;07/08/2020 21:11;2G_KLK020;;;
7706;Major;07/08/2020 21:09;TRUE;07/08/2020 21:09;2G_KLK020;;;
7706;Major;07/08/2020 21:07;TRUE;07/08/2020 21:08;2G_KLK048;;;
7706;Major;07/08/2020 21:06;TRUE;07/08/2020 21:08;2G_KLK020;;;
7706;Major;07/08/2020 21:06;TRUE;07/08/2020 21:06;2G_KLK047;;;
7706;Major;07/08/2020 21:06;TRUE;07/08/2020 21:06;2G_KLK020;;;
7706;Major;07/08/2020 21:03;TRUE;07/08/2020 21:04;2G_KLK048;;;
7706;Major;07/08/2020 21:03;TRUE;07/08/2020 21:05;2G_KLK020;;;
7706;Major;07/08/2020 21:02;TRUE;07/08/2020 21:02;2G_KLK047;;;
7706;Major;07/08/2020 20:59;TRUE;07/08/2020 20:59;2G_KLK048;;;
7706;Major;07/08/2020 20:56;TRUE;07/08/2020 21:02;2G_KLK020;;;
7706;Major;07/08/2020 20:55;TRUE;07/08/2020 20:55;2G_KLK036;;;
7706;Major;07/08/2020 20:53;TRUE;07/08/2020 20:53;2G_KLK036;;;
7706;Major;07/08/2020 20:53;TRUE;07/08/2020 20:54;2G_KLK020;;;
7706;Major;07/08/2020 20:51;TRUE;07/08/2020 20:52;2G_KLK020;;;
7706;Major;07/08/2020 20:50;TRUE;07/08/2020 20:51;2G_KLK047;;;
7706;Major;07/08/2020 20:50;TRUE;07/08/2020 20:50;2G_KLK020;;;
7706;Major;07/08/2020 20:49;TRUE;07/08/2020 20:49;2G_KLK036;;;
7706;Major;07/08/2020 20:48;TRUE;07/08/2020 20:49;2G_KLK020;;;
7706;Major;07/08/2020 20:48;TRUE;07/08/2020 20:48;2G_KLK048;;;
7706;Major;07/08/2020 20:48;TRUE;07/08/2020 20:48;2G_KLK047;;;
7706;Major;07/08/2020 20:47;TRUE;07/08/2020 20:48;2G_KLK020;;;
7706;Major;07/08/2020 20:46;TRUE;07/08/2020 20:46;2G_KLK020;;;
7706;Major;07/08/2020 20:45;TRUE;07/08/2020 20:46;2G_KLK048;;;
7706;Major;07/08/2020 20:44;TRUE;07/08/2020 20:45;2G_KLK020;;;
7706;Major;07/08/2020 20:43;TRUE;07/08/2020 20:44;2G_KLK020;;;
7706;Major;07/08/2020 20:42;TRUE;07/08/2020 20:42;2G_KLK020;;;
7706;Major;07/08/2020 20:40;TRUE;07/08/2020 20:41;2G_KLK020;;;
7706;Major;07/08/2020 20:38;TRUE;07/08/2020 20:39;2G_KLK020;;;
7706;Major;07/08/2020 20:37;TRUE;07/08/2020 20:37;2G_KLK036;;;
7706;Major;07/08/2020 20:36;TRUE;07/08/2020 20:36;2G_KLK020;;;
7706;Major;07/08/2020 20:35;TRUE;07/08/2020 20:35;2G_KLK020;;;
7706;Major;07/08/2020 20:30;TRUE;07/08/2020 20:31;2G_KLK020;;;
7706;Major;07/08/2020 20:27;TRUE;07/08/2020 20:28;2G_KLK047;;;
7706;Major;07/08/2020 20:27;TRUE;07/08/2020 20:29;2G_KLK020;;;
7706;Major;07/08/2020 20:27;TRUE;07/08/2020 20:27;2G_KLK048;;;
7706;Major;07/08/2020 20:26;TRUE;07/08/2020 20:27;2G_KLK020;;;
7706;Major;07/08/2020 20:25;TRUE;07/08/2020 20:26;2G_KLK020;;;
7706;Major;07/08/2020 20:22;TRUE;07/08/2020 20:22;2G_KLK048;;;
7706;Major;07/08/2020 20:21;TRUE;07/08/2020 20:22;2G_KLK020;;;
7706;Major;07/08/2020 20:20;TRUE;07/08/2020 20:21;2G_KLK048;;;
7706;Major;07/08/2020 20:18;TRUE;07/08/2020 20:18;2G_KLK020;;;
7706;Major;07/08/2020 20:17;TRUE;07/08/2020 20:18;2G_ZG028;;;
7706;Major;07/08/2020 20:15;TRUE;07/08/2020 20:16;2G_KLK047;;;
7706;Major;07/08/2020 20:06;TRUE;07/08/2020 20:06;2G_KLK020;;;
7706;Major;07/08/2020 20:03;TRUE;07/08/2020 20:03;2G_KLK048;;;
7706;Major;07/08/2020 20:01;TRUE;07/08/2020 20:01;2G_KLK020;;;
7706;Major;07/08/2020 19:56;TRUE;07/08/2020 19:56;2G_KLK020;;;
7706;Major;07/08/2020 19:54;TRUE;07/08/2020 19:55;2G_KLK020;;;
7706;Major;07/08/2020 19:52;TRUE;07/08/2020 19:53;2G_KLK020;;;
7706;Major;07/08/2020 19:48;TRUE;07/08/2020 19:48;2G_KLK036;;;
7706;Major;07/08/2020 19:48;TRUE;07/08/2020 19:49;2G_KLK047;;;
7706;Major;07/08/2020 19:46;TRUE;07/08/2020 19:47;2G_KLK048;;;
7706;Major;07/08/2020 19:42;TRUE;07/08/2020 19:43;2G_KLK048;;;
7706;Major;07/08/2020 19:40;TRUE;07/08/2020 19:41;2G_KLK020;;;
7706;Major;07/08/2020 19:36;TRUE;07/08/2020 19:36;2G_KLK047;;;
7706;Major;07/08/2020 19:35;TRUE;07/08/2020 19:35;2G_KLK048;;;
7706;Major;07/08/2020 19:32;TRUE;07/08/2020 19:32;2G_KLK036;;;
7706;Major;07/08/2020 19:30;TRUE;07/08/2020 19:31;2G_KLK020;;;
7706;Major;07/08/2020 19:29;TRUE;07/08/2020 19:29;2G_KLK048;;;
7706;Major;07/08/2020 19:27;TRUE;07/08/2020 19:27;2G_KLK036;;;
7706;Major;07/08/2020 19:22;TRUE;07/08/2020 19:22;2G_KLK036;;;
7706;Major;07/08/2020 19:19;TRUE;07/08/2020 19:19;2G_KLK036;;;
7706;Major;07/08/2020 19:19;TRUE;07/08/2020 19:20;2G_KLK048;;;
7706;Major;07/08/2020 19:18;TRUE;07/08/2020 19:18;2G_KLK036;;;
7706;Major;07/08/2020 19:18;TRUE;07/08/2020 19:18;2G_KLK047;;;
7706;Major;07/08/2020 19:11;TRUE;07/08/2020 19:11;2G_KLK047;;;
7706;Major;07/08/2020 19:11;TRUE;07/08/2020 19:11;2G_KLK036;;;
7706;Major;07/08/2020 19:09;TRUE;07/08/2020 19:10;2G_KLK048;;;
7706;Major;07/08/2020 19:07;TRUE;07/08/2020 19:08;2G_KLK036;;;
7706;Major;07/08/2020 19:06;TRUE;07/08/2020 19:06;2G_KLK036;;;
7706;Major;07/08/2020 19:01;TRUE;07/08/2020 19:03;2G_KLK036;;;
7706;Major;07/08/2020 18:55;TRUE;07/08/2020 18:56;2G_KLK047;;;
7706;Major;07/08/2020 18:48;TRUE;07/08/2020 18:49;2G_KLK047;;;
7786;Major;07/08/2020 18:40;TRUE;07/08/2020 18:41;3G_ZG002;;;
7786;Major;07/08/2020 18:40;TRUE;07/08/2020 18:41;3G_ZG052;;;
7786;Major;07/08/2020 18:36;TRUE;07/08/2020 18:40;3G_ZG004;;;
7706;Major;07/08/2020 18:30;TRUE;07/08/2020 18:31;2G_KLK036;;;
7706;Major;07/08/2020 18:30;TRUE;07/08/2020 18:30;2G_KLK020;;;
7706;Major;07/08/2020 18:29;TRUE;07/08/2020 18:29;2G_KLK036;;;
7706;Major;07/08/2020 18:28;TRUE;07/08/2020 18:29;2G_KLK047;;;
7706;Major;07/08/2020 18:22;TRUE;07/08/2020 18:22;2G_KLK047;;;
7706;Major;07/08/2020 18:10;TRUE;07/08/2020 18:11;2G_KLK020;;;
7706;Major;07/08/2020 17:52;TRUE;07/08/2020 17:53;2G_KLK048;;;
7706;Major;07/08/2020 17:52;TRUE;07/08/2020 17:53;2G_KLK036;;;
7706;Major;07/08/2020 17:16;TRUE;07/08/2020 17:17;2G_KLK047;;;
7706;Major;07/08/2020 17:02;TRUE;07/08/2020 17:03;2G_KLK047;;;
7706;Major;07/08/2020 16:28;TRUE;07/08/2020 16:28;2G_KLK047;;;
7706;Major;07/08/2020 15:48;TRUE;07/08/2020 15:48;2G_KLK046;;;
7706;Major;07/08/2020 15:48;TRUE;07/08/2020 15:48;2G_KLK047;;;
7706;Major;07/08/2020 15:48;TRUE;07/08/2020 15:48;2G_KLK043;;;
7706;Major;07/08/2020 15:48;TRUE;07/08/2020 15:48;2G_KLK013;;;
7706;Major;07/08/2020 13:01;TRUE;07/08/2020 15:11;2G_ZG050;;;
7786;Major;07/08/2020 13:00;TRUE;07/08/2020 15:12;3G_ZG050;;;
7706;Major;07/08/2020 12:53;TRUE;07/08/2020 12:58;2G_ZG050;;;
7786;Major;07/08/2020 12:52;TRUE;07/08/2020 12:58;3G_ZG050;;;
7706;Major;07/08/2020 11:56;TRUE;07/08/2020 12:01;2G_KLK038;;;
7706;Major;07/08/2020 11:39;TRUE;07/08/2020 11:39;2G_ZG052;;;
7706;Major;07/08/2020 11:39;TRUE;07/08/2020 11:40;2G_ZG001;;;
7786;Major;07/08/2020 11:39;TRUE;07/08/2020 11:40;3G_ZG051;;;
7786;Major;07/08/2020 11:39;TRUE;07/08/2020 11:40;3G_ZG001;;;
7786;Major;07/08/2020 11:39;TRUE;07/08/2020 11:40;3G_ZG002;;;
7786;Major;07/08/2020 11:39;TRUE;07/08/2020 11:40;3G_ZG004;;;
7786;Major;07/08/2020 11:39;TRUE;07/08/2020 11:40;3G_ZG050;;;
7786;Major;07/08/2020 11:39;TRUE;07/08/2020 11:40;3G_ZG052;;;
7706;Major;07/08/2020 03:56;TRUE;07/08/2020 03:56;2G_KLK037;;;
7706;Major;07/07/2020 23:18;TRUE;07/07/2020 23:18;2G_KLK001;;;
7706;Major;07/07/2020 23:17;TRUE;07/07/2020 23:18;2G_KLK004;;;
7706;Major;07/07/2020 23:17;TRUE;07/07/2020 23:18;2G_DBL006;;;
7706;Major;07/07/2020 23:17;TRUE;07/07/2020 23:18;2G_KLK006;;;
7706;Major;07/07/2020 23:17;TRUE;07/07/2020 23:17;2G_FTK004;;;
7706;Major;07/07/2020 23:16;TRUE;07/07/2020 23:17;2G_KLK002;;;
7706;Major;07/07/2020 23:16;TRUE;07/07/2020 23:17;2G_KLK004;;;
7706;Major;07/07/2020 23:15;TRUE;07/07/2020 23:17;2G_KLK001;;;
7706;Major;07/07/2020 23:15;TRUE;07/07/2020 23:16;2G_DBL006;;;
7706;Major;07/07/2020 23:15;TRUE;07/07/2020 23:17;2G_KLK003;;;
7706;Major;07/07/2020 23:14;TRUE;07/07/2020 23:16;2G_KLK006;;;
7706;Major;07/07/2020 23:14;TRUE;07/07/2020 23:14;2G_KLK001;;;
7706;Major;07/07/2020 23:13;TRUE;07/07/2020 23:16;2G_FTK004;;;
7706;Major;07/07/2020 23:13;TRUE;07/07/2020 23:17;2G_KLK040;;;
7706;Major;07/07/2020 23:13;TRUE;07/07/2020 23:14;2G_KLK003;;;
7706;Major;07/07/2020 23:12;TRUE;07/07/2020 23:14;2G_FTK003;;;
7706;Major;07/07/2020 23:12;TRUE;07/07/2020 23:16;2G_KLK039;;;
7706;Major;07/07/2020 23:12;TRUE;07/07/2020 23:14;2G_DBL006;;;
7706;Major;07/07/2020 23:12;TRUE;07/07/2020 23:13;2G_FTK004;;;
7706;Major;07/07/2020 23:12;TRUE;07/07/2020 23:15;2G_KLK002;;;
7706;Major;07/07/2020 23:11;TRUE;07/07/2020 23:13;2G_KLK001;;;
7706;Major;07/07/2020 23:10;TRUE;07/07/2020 23:12;2G_FTK004;;;
7706;Major;07/07/2020 23:10;TRUE;07/07/2020 23:13;2G_KLK006;;;
7706;Major;07/07/2020 23:10;TRUE;07/07/2020 23:12;2G_KLK039;;;
7706;Major;07/07/2020 23:10;TRUE;07/07/2020 23:12;2G_KLK004;;;
7706;Major;07/07/2020 23:10;TRUE;07/07/2020 23:12;2G_KLK040;;;
7706;Major;07/07/2020 23:10;TRUE;07/07/2020 23:12;2G_DBL006;;;
7706;Major;07/07/2020 23:10;TRUE;07/07/2020 23:12;2G_KLK002;;;
7706;Major;07/07/2020 23:10;TRUE;07/07/2020 23:12;2G_KLK003;;;
7706;Major;07/07/2020 23:10;TRUE;07/07/2020 23:12;2G_FTK003;;;
7786;Major;07/07/2020 23:10;TRUE;07/07/2020 23:18;3G_KLK004;;;
7786;Major;07/07/2020 23:10;TRUE;07/07/2020 23:18;3G_FTK004;;;
7786;Major;07/07/2020 23:10;TRUE;07/07/2020 23:18;3G_FTK003;;;
7786;Major;07/07/2020 23:10;TRUE;07/07/2020 23:18;3G_KLK039;;;
7786;Major;07/07/2020 23:10;TRUE;07/07/2020 23:18;3G_KLK003;;;
7786;Major;07/07/2020 23:10;TRUE;07/07/2020 23:18;3G_KLK040;;;
7786;Major;07/07/2020 23:10;TRUE;07/07/2020 23:18;3G_KLK001;;;
7786;Major;07/07/2020 23:10;TRUE;07/07/2020 23:18;3G_KLK006;;;
7786;Major;07/07/2020 23:10;TRUE;07/07/2020 23:18;3G_KLK002;;;
7786;Major;07/07/2020 23:08;TRUE;07/07/2020 23:09;3G_KLK002;;;
7786;Major;07/07/2020 23:07;TRUE;07/07/2020 23:09;3G_KLK001;;;
7786;Major;07/07/2020 23:07;TRUE;07/07/2020 23:08;3G_KLK040;;;
7786;Major;07/07/2020 23:07;TRUE;07/07/2020 23:07;3G_KLK004;;;
7786;Major;07/07/2020 23:07;TRUE;07/07/2020 23:07;3G_KLK002;;;
7706;Major;07/07/2020 22:40;TRUE;07/07/2020 22:41;2G_KLK037;;;
7706;Major;07/07/2020 22:37;TRUE;07/07/2020 22:38;2G_KLK015;;;
7706;Major;07/07/2020 22:35;TRUE;07/07/2020 22:37;2G_KLK015;;;
7706;Major;07/07/2020 22:34;TRUE;07/07/2020 22:36;2G_KLK037;;;
7706;Major;07/07/2020 22:34;TRUE;07/07/2020 22:34;2G_KLK015;;;
7706;Major;07/07/2020 21:48;TRUE;07/07/2020 21:48;2G_KLK020;;;
7706;Major;07/07/2020 21:45;TRUE;07/07/2020 21:45;2G_KLK020;;;
7706;Major;07/07/2020 21:44;TRUE;07/07/2020 21:44;2G_KLK020;;;
7706;Major;07/07/2020 21:39;TRUE;07/07/2020 21:39;2G_KLK020;;;
7706;Major;07/07/2020 21:36;TRUE;07/07/2020 21:36;2G_KLK020;;;
7706;Major;07/07/2020 21:34;TRUE;07/07/2020 21:35;2G_KLK020;;;
7706;Major;07/07/2020 21:30;TRUE;07/07/2020 21:33;2G_KLK020;;;
7706;Major;07/07/2020 21:28;TRUE;07/07/2020 21:29;2G_KLK020;;;
7706;Major;07/07/2020 21:10;TRUE;07/07/2020 21:10;2G_KLK002;;;
7706;Major;07/07/2020 20:55;TRUE;07/08/2020 11:14;2G_KLK038;;;
7706;Major;07/07/2020 20:20;TRUE;07/07/2020 20:21;2G_KLK037;;;
7706;Major;07/07/2020 20:03;TRUE;07/07/2020 20:03;2G_KLK037;;;
7706;Major;07/07/2020 19:57;TRUE;07/07/2020 19:59;2G_KLK037;;;
7706;Major;07/07/2020 19:45;TRUE;07/07/2020 19:45;2G_KLK037;;;
7706;Major;07/07/2020 19:39;TRUE;07/07/2020 19:41;2G_KLK037;;;
7706;Major;07/07/2020 19:38;TRUE;07/07/2020 19:39;2G_KLK037;;;
7706;Major;07/07/2020 19:37;TRUE;07/07/2020 19:38;2G_KLK037;;;
7706;Major;07/07/2020 19:26;TRUE;07/07/2020 19:28;2G_KLK037;;;
7706;Major;07/07/2020 19:19;TRUE;07/07/2020 19:21;2G_KLK031;;;
7706;Major;07/07/2020 19:18;TRUE;07/07/2020 19:18;2G_KLK031;;;
7706;Major;07/07/2020 19:15;TRUE;07/07/2020 19:22;2G_KLK014;;;
7706;Major;07/07/2020 19:15;TRUE;07/07/2020 19:22;2G_KLK037;;;
7786;Major;07/07/2020 19:15;TRUE;07/07/2020 19:22;3G_KLK014;;;
7706;Major;07/07/2020 19:12;TRUE;07/07/2020 19:12;2G_KLK037;;;
7706;Major;07/07/2020 19:08;TRUE;07/07/2020 19:09;2G_KLK037;;;
7706;Major;07/07/2020 18:57;TRUE;07/08/2020 19:14;2G_KLK023;;;
7706;Major;07/07/2020 18:55;TRUE;07/07/2020 18:55;2G_KLK037;;;
7706;Major;07/07/2020 18:54;TRUE;07/07/2020 18:55;2G_KLK037;;;
7706;Major;07/07/2020 18:12;TRUE;07/07/2020 18:52;2G_KLK037;;;
7706;Major;07/07/2020 17:55;TRUE;07/07/2020 17:57;2G_KLK038;;;
7706;Major;07/07/2020 17:51;TRUE;07/07/2020 17:53;2G_KLK038;;;
7786;Major;07/07/2020 17:51;TRUE;07/07/2020 17:54;3G_KLK038;;;
7706;Major;07/07/2020 17:47;TRUE;07/07/2020 17:49;2G_KLK038;;;
7786;Major;07/07/2020 17:46;TRUE;07/07/2020 17:50;3G_KLK038;;;
7706;Major;07/07/2020 17:42;TRUE;07/07/2020 17:44;2G_KLK038;;;
7786;Major;07/07/2020 17:42;TRUE;07/07/2020 17:46;3G_KLK038;;;
7706;Major;07/07/2020 17:38;TRUE;07/07/2020 17:40;2G_KLK038;;;
7786;Major;07/07/2020 17:38;TRUE;07/07/2020 17:41;3G_KLK038;;;
7706;Major;07/07/2020 17:34;TRUE;07/07/2020 17:35;2G_KLK038;;;
7786;Major;07/07/2020 17:33;TRUE;07/07/2020 17:37;3G_KLK038;;;
7706;Major;07/07/2020 17:29;TRUE;07/07/2020 17:31;2G_KLK038;;;
7786;Major;07/07/2020 17:29;TRUE;07/07/2020 17:33;3G_KLK038;;;
7706;Major;07/07/2020 17:25;TRUE;07/07/2020 17:27;2G_KLK038;;;
7706;Major;07/07/2020 17:20;TRUE;07/07/2020 17:24;2G_KLK038;;;
7786;Major;07/07/2020 17:20;TRUE;07/07/2020 17:28;3G_KLK038;;;
7706;Major;07/07/2020 17:16;TRUE;07/07/2020 17:17;2G_KLK038;;;
7786;Major;07/07/2020 17:15;TRUE;07/07/2020 17:19;3G_KLK038;;;
7706;Major;07/07/2020 17:11;TRUE;07/07/2020 17:13;2G_KLK038;;;
7786;Major;07/07/2020 17:11;TRUE;07/07/2020 17:15;3G_KLK038;;;
7706;Major;07/07/2020 17:07;TRUE;07/07/2020 17:09;2G_KLK038;;;
7786;Major;07/07/2020 17:06;TRUE;07/07/2020 17:10;3G_KLK038;;;
7706;Major;07/07/2020 17:02;TRUE;07/07/2020 17:04;2G_KLK038;;;
7786;Major;07/07/2020 17:02;TRUE;07/07/2020 17:06;3G_KLK038;;;
7706;Major;07/07/2020 16:58;TRUE;07/07/2020 17:00;2G_KLK038;;;
7786;Major;07/07/2020 16:57;TRUE;07/07/2020 17:01;3G_KLK038;;;
7706;Major;07/07/2020 16:53;TRUE;07/07/2020 16:55;2G_KLK038;;;
7786;Major;07/07/2020 16:53;TRUE;07/07/2020 16:57;3G_KLK038;;;
7706;Major;07/07/2020 16:49;TRUE;07/07/2020 16:50;2G_KLK038;;;
7786;Major;07/07/2020 16:48;TRUE;07/07/2020 16:52;3G_KLK038;;;
7706;Major;07/07/2020 16:44;TRUE;07/07/2020 16:46;2G_KLK038;;;
7786;Major;07/07/2020 16:44;TRUE;07/07/2020 16:47;3G_KLK038;;;
7706;Major;07/07/2020 16:41;TRUE;07/07/2020 22:11;2G_KLK015;;;
7706;Major;07/07/2020 16:39;TRUE;07/07/2020 16:41;2G_KLK038;;;
7786;Major;07/07/2020 16:39;TRUE;07/07/2020 16:43;3G_KLK038;;;
7786;Major;07/07/2020 16:36;TRUE;07/07/2020 16:37;3G_KLK040;;;
7786;Major;07/07/2020 16:36;TRUE;07/07/2020 16:37;3G_KLK001;;;
7786;Major;07/07/2020 16:36;TRUE;07/07/2020 16:37;3G_KLK004;;;
7786;Major;07/07/2020 16:36;TRUE;07/07/2020 16:37;3G_FTK004;;;
7706;Major;07/07/2020 16:35;TRUE;07/07/2020 16:37;2G_KLK038;;;
7786;Major;07/07/2020 16:35;TRUE;07/07/2020 16:38;3G_KLK038;;;
7706;Major;07/07/2020 16:34;TRUE;07/07/2020 16:34;2G_KLK001;;;
7706;Major;07/07/2020 16:33;TRUE;07/07/2020 16:34;2G_FTK004;;;
7706;Major;07/07/2020 16:33;TRUE;07/07/2020 16:34;2G_KLK006;;;
7706;Major;07/07/2020 16:33;TRUE;07/07/2020 16:33;2G_FTK003;;;
7706;Major;07/07/2020 16:33;TRUE;07/07/2020 16:33;2G_KLK040;;;
7706;Major;07/07/2020 16:33;TRUE;07/07/2020 16:34;2G_KLK003;;;
7706;Major;07/07/2020 16:33;TRUE;07/07/2020 16:33;2G_KLK002;;;
7706;Major;07/07/2020 16:33;TRUE;07/07/2020 16:33;2G_KLK004;;;
7706;Major;07/07/2020 16:33;TRUE;07/07/2020 16:34;2G_KLK039;;;
7706;Major;07/07/2020 16:33;TRUE;07/07/2020 16:33;2G_KLK038;;;
7706;Major;07/07/2020 16:33;TRUE;07/07/2020 16:34;2G_DBL006;;;
7786;Major;07/07/2020 16:32;TRUE;07/07/2020 16:34;3G_KLK039;;;
7786;Major;07/07/2020 16:32;TRUE;07/07/2020 16:34;3G_FTK004;;;
7786;Major;07/07/2020 16:32;TRUE;07/07/2020 16:34;3G_KLK040;;;
7786;Major;07/07/2020 16:32;TRUE;07/07/2020 16:34;3G_KLK003;;;
7786;Major;07/07/2020 16:32;TRUE;07/07/2020 16:34;3G_KLK004;;;
7786;Major;07/07/2020 16:32;TRUE;07/07/2020 16:34;3G_KLK001;;;
7786;Major;07/07/2020 16:32;TRUE;07/07/2020 16:34;3G_KLK002;;;
7786;Major;07/07/2020 16:32;TRUE;07/07/2020 16:34;3G_FTK003;;;
7786;Major;07/07/2020 16:32;TRUE;07/07/2020 16:34;3G_KLK006;;;
7706;Major;07/07/2020 16:30;TRUE;07/07/2020 16:32;2G_KLK038;;;
7786;Major;07/07/2020 16:30;TRUE;07/07/2020 16:31;3G_KLK006;;;
7786;Major;07/07/2020 16:30;TRUE;07/07/2020 16:31;3G_KLK003;;;
7786;Major;07/07/2020 16:30;TRUE;07/07/2020 16:34;3G_KLK038;;;
7706;Major;07/07/2020 16:29;TRUE;07/07/2020 16:30;2G_FTK004;;;
7706;Major;07/07/2020 16:29;TRUE;07/07/2020 16:30;2G_KLK003;;;
7786;Major;07/07/2020 16:29;TRUE;07/07/2020 16:30;3G_KLK004;;;
7786;Major;07/07/2020 16:29;TRUE;07/07/2020 16:30;3G_KLK040;;;
7786;Major;07/07/2020 16:29;TRUE;07/07/2020 16:29;3G_KLK038;;;
7786;Major;07/07/2020 16:29;TRUE;07/07/2020 16:30;3G_KLK002;;;
7786;Major;07/07/2020 16:28;TRUE;07/07/2020 16:30;3G_KLK006;;;
7786;Major;07/07/2020 16:28;TRUE;07/07/2020 16:30;3G_FTK004;;;
7786;Major;07/07/2020 16:28;TRUE;07/07/2020 16:29;3G_KLK040;;;
7786;Major;07/07/2020 16:28;TRUE;07/07/2020 16:29;3G_FTK003;;;
7786;Major;07/07/2020 16:28;TRUE;07/07/2020 16:29;3G_KLK039;;;
7786;Major;07/07/2020 16:28;TRUE;07/07/2020 16:29;3G_KLK001;;;
7786;Major;07/07/2020 16:28;TRUE;07/07/2020 16:29;3G_KLK004;;;
7786;Major;07/07/2020 16:28;TRUE;07/07/2020 16:29;3G_KLK003;;;
7706;Major;07/07/2020 16:24;TRUE;07/07/2020 16:26;2G_KLK038;;;
7786;Major;07/07/2020 16:24;TRUE;07/07/2020 16:28;3G_KLK038;;;
7706;Major;07/07/2020 16:19;TRUE;07/07/2020 16:21;2G_KLK038;;;
7786;Major;07/07/2020 16:19;TRUE;07/07/2020 16:23;3G_KLK038;;;
7706;Major;07/07/2020 16:13;TRUE;07/07/2020 16:15;2G_KLK038;;;
7786;Major;07/07/2020 16:13;TRUE;07/07/2020 16:17;3G_KLK038;;;
7706;Major;07/07/2020 16:13;TRUE;07/07/2020 16:13;2G_ZG028;;;
7706;Major;07/07/2020 16:07;TRUE;07/07/2020 16:09;2G_KLK038;;;
7786;Major;07/07/2020 16:07;TRUE;07/07/2020 16:11;3G_KLK038;;;
7706;Major;07/07/2020 16:01;TRUE;07/07/2020 16:03;2G_KLK038;;;
7786;Major;07/07/2020 16:01;TRUE;07/07/2020 16:05;3G_KLK038;;;
7706;Major;07/07/2020 15:59;TRUE;07/07/2020 16:04;2G_KLK030;;;
7706;Major;07/07/2020 15:59;TRUE;07/07/2020 16:05;2G_KLK002;;;
7706;Major;07/07/2020 15:59;TRUE;07/07/2020 16:04;2G_KLK029;;;
7786;Major;07/07/2020 15:58;TRUE;07/07/2020 16:05;3G_KLK002;;;
7786;Major;07/07/2020 15:58;TRUE;07/07/2020 16:05;3G_KLK029;;;
7786;Major;07/07/2020 15:58;TRUE;07/07/2020 16:04;3G_KLK030;;;
7706;Major;07/07/2020 15:58;TRUE;07/07/2020 15:58;2G_KLK045;;;
7706;Major;07/07/2020 15:56;TRUE;07/07/2020 15:58;2G_KLK038;;;
7786;Major;07/07/2020 15:56;TRUE;07/07/2020 16:00;3G_KLK038;;;
7706;Major;07/07/2020 15:50;TRUE;07/07/2020 15:52;2G_KLK038;;;
7786;Major;07/07/2020 15:49;TRUE;07/07/2020 15:53;3G_KLK038;;;
7706;Major;07/07/2020 15:43;TRUE;07/07/2020 15:45;2G_KLK038;;;
7786;Major;07/07/2020 15:42;TRUE;07/07/2020 15:46;3G_KLK038;;;
7706;Major;07/07/2020 15:35;TRUE;07/07/2020 15:37;2G_KLK038;;;
7786;Major;07/07/2020 15:35;TRUE;07/07/2020 15:39;3G_KLK038;;;
7706;Major;07/07/2020 15:28;TRUE;07/07/2020 15:30;2G_KLK038;;;
7786;Major;07/07/2020 15:28;TRUE;07/07/2020 15:32;3G_KLK038;;;
7786;Major;07/07/2020 15:20;TRUE;07/07/2020 15:22;3G_KLK001;;;
7706;Major;07/07/2020 15:19;TRUE;07/07/2020 15:21;2G_KLK038;;;
7786;Major;07/07/2020 15:18;TRUE;07/07/2020 15:22;3G_KLK038;;;
7706;Major;07/07/2020 15:07;TRUE;07/07/2020 15:09;2G_KLK038;;;
7786;Major;07/07/2020 15:06;TRUE;07/07/2020 15:10;3G_KLK038;;;
7706;Major;07/07/2020 14:50;TRUE;07/07/2020 14:50;2G_KLK006;;;
7786;Major;07/07/2020 14:49;TRUE;07/07/2020 14:50;3G_FTK004;;;
7706;Major;07/07/2020 14:47;TRUE;07/07/2020 14:47;2G_KLK002;;;
7706;Major;07/07/2020 14:19;TRUE;07/07/2020 14:19;2G_KLK006;;;
7706;Major;07/07/2020 14:19;TRUE;07/07/2020 14:19;2G_KLK003;;;
7706;Major;07/07/2020 14:19;TRUE;07/07/2020 14:19;2G_FTK003;;;
7706;Major;07/07/2020 14:19;TRUE;07/07/2020 14:19;2G_KLK038;;;
7706;Major;07/07/2020 14:18;TRUE;07/07/2020 14:19;2G_KLK002;;;
7706;Major;07/07/2020 14:18;TRUE;07/07/2020 14:18;2G_DBL006;;;
7706;Major;07/07/2020 14:18;TRUE;07/07/2020 14:18;2G_FTK004;;;
7706;Major;07/07/2020 14:18;TRUE;07/07/2020 14:18;2G_KLK040;;;
7706;Major;07/07/2020 14:18;TRUE;07/07/2020 14:18;2G_KLK004;;;
7706;Major;07/07/2020 14:18;TRUE;07/07/2020 14:18;2G_KLK038;;;
7786;Major;07/07/2020 14:12;TRUE;07/07/2020 14:12;3G_FTK004;;;
7786;Major;07/07/2020 14:12;TRUE;07/07/2020 14:12;3G_FTK003;;;
7786;Major;07/07/2020 14:12;TRUE;07/07/2020 14:12;3G_KLK038;;;
7706;Major;07/07/2020 14:11;TRUE;07/07/2020 14:12;2G_FTK003;;;
7706;Major;07/07/2020 14:11;TRUE;07/07/2020 14:12;2G_DBL006;;;
7706;Major;07/07/2020 14:11;TRUE;07/07/2020 14:12;2G_KLK004;;;
7706;Major;07/07/2020 14:11;TRUE;07/07/2020 14:12;2G_KLK002;;;
7706;Major;07/07/2020 14:11;TRUE;07/07/2020 14:12;2G_FTK004;;;
7706;Major;07/07/2020 14:11;TRUE;07/07/2020 14:12;2G_KLK039;;;
7706;Major;07/07/2020 14:11;TRUE;07/07/2020 14:12;2G_KLK006;;;
7706;Major;07/07/2020 14:11;TRUE;07/07/2020 14:12;2G_KLK001;;;
7786;Major;07/07/2020 14:11;TRUE;07/07/2020 14:11;3G_KLK040;;;
7786;Major;07/07/2020 14:11;TRUE;07/07/2020 14:11;3G_KLK004;;;
7786;Major;07/07/2020 14:11;TRUE;07/07/2020 14:11;3G_KLK039;;;
7786;Major;07/07/2020 14:11;TRUE;07/07/2020 14:11;3G_KLK001;;;
7786;Major;07/07/2020 14:11;TRUE;07/07/2020 14:11;3G_KLK038;;;
7786;Major;07/07/2020 14:11;TRUE;07/07/2020 14:11;3G_FTK004;;;
7786;Major;07/07/2020 14:11;TRUE;07/07/2020 14:11;3G_KLK006;;;
7786;Major;07/07/2020 14:11;TRUE;07/07/2020 14:11;3G_KLK003;;;
7786;Major;07/07/2020 14:11;TRUE;07/07/2020 14:11;3G_KLK002;;;
7786;Major;07/07/2020 14:11;TRUE;07/07/2020 14:11;3G_FTK003;;;
7706;Major;07/07/2020 13:46;TRUE;07/07/2020 13:46;2G_KLK013;;;
7706;Major;07/07/2020 13:33;TRUE;07/07/2020 13:34;2G_KLK023;;;
7706;Major;07/07/2020 13:30;TRUE;07/07/2020 13:30;2G_KLK021;;;
7706;Major;07/07/2020 13:30;TRUE;07/07/2020 13:30;2G_KLK018;;;
7706;Major;07/07/2020 13:16;TRUE;07/07/2020 13:16;2G_FTK004;;;
7706;Major;07/07/2020 13:16;TRUE;07/07/2020 13:16;2G_KLK003;;;
7706;Major;07/07/2020 13:16;TRUE;07/07/2020 13:16;2G_KLK038;;;
7706;Major;07/07/2020 13:16;TRUE;07/07/2020 13:16;2G_KLK001;;;
7706;Major;07/07/2020 13:16;TRUE;07/07/2020 13:16;2G_KLK039;;;
7706;Major;07/07/2020 13:16;TRUE;07/07/2020 13:16;2G_FTK003;;;
7786;Major;07/07/2020 13:14;TRUE;07/07/2020 13:14;3G_KLK006;;;
7786;Major;07/07/2020 13:13;TRUE;07/07/2020 13:14;3G_KLK003;;;
7786;Major;07/07/2020 13:13;TRUE;07/07/2020 13:14;3G_KLK001;;;
7786;Major;07/07/2020 13:13;TRUE;07/07/2020 13:14;3G_KLK040;;;
7786;Major;07/07/2020 13:13;TRUE;07/07/2020 13:14;3G_KLK004;;;
7786;Major;07/07/2020 13:13;TRUE;07/07/2020 13:14;3G_FTK004;;;
7786;Major;07/07/2020 13:13;TRUE;07/07/2020 13:14;3G_KLK002;;;
7786;Major;07/07/2020 13:13;TRUE;07/07/2020 13:14;3G_FTK003;;;
7786;Major;07/07/2020 13:13;TRUE;07/07/2020 13:14;3G_KLK039;;;
7786;Major;07/07/2020 13:13;TRUE;07/07/2020 13:14;3G_KLK038;;;
7706;Major;07/07/2020 12:55;TRUE;07/07/2020 12:55;2G_KLK042;;;
7706;Major;07/07/2020 12:39;TRUE;07/07/2020 12:40;2G_KLK025;;;
7706;Major;07/07/2020 11:49;TRUE;07/07/2020 11:49;2G_KLK019;;;
7706;Major;07/07/2020 11:49;TRUE;07/07/2020 11:49;2G_KLK022;;;
7706;Major;07/07/2020 11:10;TRUE;07/07/2020 11:10;2G_KLK025;;;
7706;Major;07/07/2020 08:27;TRUE;07/07/2020 08:27;2G_FTK003;;;
7786;Major;07/07/2020 08:26;TRUE;07/07/2020 08:27;3G_FTK004;;;
7786;Major;07/07/2020 08:26;TRUE;07/07/2020 08:27;3G_KLK004;;;
7786;Major;07/07/2020 08:25;TRUE;07/07/2020 08:26;3G_FTK003;;;
7786;Major;07/07/2020 08:25;TRUE;07/07/2020 08:26;3G_KLK004;;;
7786;Major;07/07/2020 08:25;TRUE;07/07/2020 08:26;3G_KLK001;;;
7786;Major;07/07/2020 08:25;TRUE;07/07/2020 08:26;3G_KLK038;;;
7786;Major;07/07/2020 08:25;TRUE;07/07/2020 08:26;3G_KLK040;;;
7706;Major;07/07/2020 07:59;TRUE;07/07/2020 07:59;2G_KLK002;;;
7706;Major;07/07/2020 07:59;TRUE;07/07/2020 07:59;2G_KLK043;;;
7786;Major;07/07/2020 07:59;TRUE;07/07/2020 08:00;3G_FTK004;;;
7786;Major;07/07/2020 07:59;TRUE;07/07/2020 08:00;3G_KLK001;;;
7786;Major;07/07/2020 07:59;TRUE;07/07/2020 08:00;3G_KLK004;;;
7786;Major;07/07/2020 07:59;TRUE;07/07/2020 08:00;3G_KLK003;;;
7786;Major;07/07/2020 07:59;TRUE;07/07/2020 08:00;3G_FTK003;;;
7786;Major;07/07/2020 07:59;TRUE;07/07/2020 08:00;3G_KLK002;;;
7786;Major;07/07/2020 07:59;TRUE;07/07/2020 08:00;3G_KLK038;;;
7706;Major;07/07/2020 07:42;TRUE;07/07/2020 07:42;2G_KLK038;;;
7706;Major;07/07/2020 07:40;TRUE;07/07/2020 07:40;2G_KLK038;;;
7706;Major;07/07/2020 07:40;TRUE;07/07/2020 07:40;2G_KLK003;;;
7706;Major;07/07/2020 07:40;TRUE;07/07/2020 07:40;2G_KLK004;;;
7706;Major;07/07/2020 07:40;TRUE;07/07/2020 07:40;2G_DBL006;;;
7786;Major;07/07/2020 07:40;TRUE;07/07/2020 07:40;3G_KLK003;;;
7786;Major;07/07/2020 07:40;TRUE;07/07/2020 07:40;3G_KLK038;;;
7786;Major;07/07/2020 07:40;TRUE;07/07/2020 07:40;3G_FTK003;;;
7786;Major;07/07/2020 07:40;TRUE;07/07/2020 07:40;3G_KLK039;;;
7786;Major;07/07/2020 07:40;TRUE;07/07/2020 07:40;3G_KLK004;;;
7786;Major;07/07/2020 07:40;TRUE;07/07/2020 07:40;3G_FTK004;;;
7786;Major;07/07/2020 07:40;TRUE;07/07/2020 07:40;3G_KLK006;;;
7786;Major;07/07/2020 07:40;TRUE;07/07/2020 07:40;3G_KLK002;;;
7706;Major;07/07/2020 07:39;TRUE;07/07/2020 07:39;2G_KLK038;;;
7706;Major;07/07/2020 07:38;TRUE;07/07/2020 07:38;2G_FTK004;;;
7706;Major;07/07/2020 07:38;TRUE;07/07/2020 07:38;2G_KLK004;;;
7706;Major;07/07/2020 07:37;TRUE;07/07/2020 07:38;2G_KLK003;;;
7706;Major;07/07/2020 07:37;TRUE;07/07/2020 07:38;2G_KLK002;;;
7706;Major;07/07/2020 07:37;TRUE;07/07/2020 07:38;2G_KLK006;;;
7706;Major;07/07/2020 07:37;TRUE;07/07/2020 07:38;2G_KLK038;;;
7706;Major;07/07/2020 07:37;TRUE;07/07/2020 07:38;2G_KLK004;;;
7706;Major;07/07/2020 07:37;TRUE;07/07/2020 07:38;2G_KLK040;;;
7706;Major;07/07/2020 07:37;TRUE;07/07/2020 07:38;2G_FTK003;;;
7706;Major;07/07/2020 07:37;TRUE;07/07/2020 07:38;2G_KLK039;;;
7706;Major;07/07/2020 07:37;TRUE;07/07/2020 07:38;2G_KLK001;;;
7706;Major;07/07/2020 07:37;TRUE;07/07/2020 07:38;2G_DBL006;;;
7706;Major;07/07/2020 07:37;TRUE;07/07/2020 07:38;2G_FTK004;;;
7786;Major;07/07/2020 07:37;TRUE;07/07/2020 07:38;3G_FTK004;;;
7786;Major;07/07/2020 07:37;TRUE;07/07/2020 07:38;3G_KLK003;;;
7786;Major;07/07/2020 07:37;TRUE;07/07/2020 07:38;3G_KLK039;;;
7786;Major;07/07/2020 07:37;TRUE;07/07/2020 07:38;3G_KLK002;;;
7786;Major;07/07/2020 07:37;TRUE;07/07/2020 07:38;3G_KLK006;;;
7786;Major;07/07/2020 07:37;TRUE;07/07/2020 07:38;3G_FTK003;;;
7786;Major;07/07/2020 07:37;TRUE;07/07/2020 07:38;3G_KLK001;;;
7786;Major;07/07/2020 07:37;TRUE;07/07/2020 07:38;3G_KLK040;;;
7786;Major;07/07/2020 07:36;TRUE;07/07/2020 07:39;3G_KLK038;;;
7786;Major;07/07/2020 07:36;TRUE;07/07/2020 07:38;3G_KLK004;;;
7706;Major;07/07/2020 07:30;TRUE;07/07/2020 07:30;2G_FTK003;;;
7706;Major;07/07/2020 07:30;TRUE;07/07/2020 07:30;2G_DBL006;;;
7706;Major;07/07/2020 07:30;TRUE;07/07/2020 07:30;2G_KLK004;;;
7786;Major;07/07/2020 07:30;TRUE;07/07/2020 07:30;3G_FTK004;;;
7786;Major;07/07/2020 07:30;TRUE;07/07/2020 07:30;3G_KLK038;;;
7786;Major;07/07/2020 07:30;TRUE;07/07/2020 07:30;3G_KLK039;;;
7786;Major;07/07/2020 07:30;TRUE;07/07/2020 07:30;3G_KLK004;;;
7786;Major;07/07/2020 07:30;TRUE;07/07/2020 07:31;3G_KLK002;;;
7786;Major;07/07/2020 07:30;TRUE;07/07/2020 07:30;3G_FTK003;;;
7786;Major;07/07/2020 07:30;TRUE;07/07/2020 07:30;3G_KLK001;;;
7786;Major;07/07/2020 07:30;TRUE;07/07/2020 07:30;3G_KLK003;;;
7786;Major;07/07/2020 07:29;TRUE;07/07/2020 07:29;3G_KLK003;;;
7706;Major;07/07/2020 07:26;TRUE;07/07/2020 07:26;2G_KLK003;;;
7706;Major;07/07/2020 07:26;TRUE;07/07/2020 07:26;2G_KLK004;;;
7706;Major;07/07/2020 07:26;TRUE;07/07/2020 07:26;2G_KLK038;;;
7786;Major;07/07/2020 07:25;TRUE;07/07/2020 07:26;3G_KLK004;;;
7706;Major;07/07/2020 07:25;TRUE;07/07/2020 07:25;2G_KLK004;;;
7786;Major;07/07/2020 07:24;TRUE;07/07/2020 07:25;3G_FTK004;;;
7786;Major;07/07/2020 07:24;TRUE;07/07/2020 07:25;3G_KLK003;;;
7786;Major;07/07/2020 07:24;TRUE;07/07/2020 07:25;3G_KLK001;;;
7786;Major;07/07/2020 07:24;TRUE;07/07/2020 07:25;3G_KLK039;;;
7786;Major;07/07/2020 07:24;TRUE;07/07/2020 07:25;3G_KLK038;;;
7786;Major;07/07/2020 07:24;TRUE;07/07/2020 07:25;3G_KLK004;;;
7786;Major;07/07/2020 07:24;TRUE;07/07/2020 07:25;3G_KLK040;;;
7786;Major;07/07/2020 07:24;TRUE;07/07/2020 07:25;3G_FTK003;;;
7706;Major;07/07/2020 07:22;TRUE;07/07/2020 07:22;2G_KLK004;;;
7786;Major;07/07/2020 06:54;TRUE;07/07/2020 06:54;3G_FTK003;;;
7786;Major;07/07/2020 06:53;TRUE;07/07/2020 06:54;3G_KLK040;;;
7786;Major;07/07/2020 06:53;TRUE;07/07/2020 06:54;3G_KLK038;;;
7786;Major;07/07/2020 06:53;TRUE;07/07/2020 06:54;3G_FTK004;;;
7706;Major;07/07/2020 06:39;TRUE;07/07/2020 06:39;2G_FTK003;;;
7706;Major;07/07/2020 06:38;TRUE;07/07/2020 06:39;2G_DBL006;;;
7706;Major;07/07/2020 06:38;TRUE;07/07/2020 06:38;2G_KLK004;;;
7706;Major;07/07/2020 06:38;TRUE;07/07/2020 06:39;2G_KLK002;;;
7706;Major;07/07/2020 06:38;TRUE;07/07/2020 06:38;2G_KLK006;;;
7706;Major;07/07/2020 06:38;TRUE;07/07/2020 06:38;2G_FTK004;;;
7706;Major;07/07/2020 06:38;TRUE;07/07/2020 06:39;2G_KLK040;;;
7706;Major;07/07/2020 06:38;TRUE;07/07/2020 06:38;2G_KLK001;;;
7706;Major;07/07/2020 06:38;TRUE;07/07/2020 06:38;2G_KLK003;;;
7706;Major;07/07/2020 06:38;TRUE;07/07/2020 06:38;2G_KLK038;;;
7706;Major;07/07/2020 06:38;TRUE;07/07/2020 06:39;2G_KLK039;;;
7786;Major;07/07/2020 06:38;TRUE;07/07/2020 06:39;3G_KLK039;;;
7786;Major;07/07/2020 06:38;TRUE;07/07/2020 06:39;3G_FTK003;;;
7786;Major;07/07/2020 06:38;TRUE;07/07/2020 06:39;3G_KLK040;;;
7786;Major;07/07/2020 06:38;TRUE;07/07/2020 06:39;3G_FTK004;;;
7786;Major;07/07/2020 06:38;TRUE;07/07/2020 06:39;3G_KLK038;;;
7786;Major;07/07/2020 06:38;TRUE;07/07/2020 06:39;3G_KLK002;;;
7786;Major;07/07/2020 06:38;TRUE;07/07/2020 06:39;3G_KLK006;;;
7786;Major;07/07/2020 06:37;TRUE;07/07/2020 06:39;3G_KLK003;;;
7786;Major;07/07/2020 06:37;TRUE;07/07/2020 06:39;3G_KLK004;;;
7786;Major;07/07/2020 06:36;TRUE;07/07/2020 06:37;3G_KLK039;;;
7786;Major;07/07/2020 06:36;TRUE;07/07/2020 06:37;3G_FTK003;;;
7786;Major;07/07/2020 06:36;TRUE;07/07/2020 06:37;3G_KLK003;;;
7786;Major;07/07/2020 06:36;TRUE;07/07/2020 06:37;3G_KLK038;;;
7786;Major;07/07/2020 06:36;TRUE;07/07/2020 06:37;3G_KLK040;;;
7786;Major;07/07/2020 06:36;TRUE;07/07/2020 06:39;3G_KLK001;;;
7706;Major;07/07/2020 06:34;TRUE;07/07/2020 06:34;2G_KLK003;;;
7706;Major;07/07/2020 06:34;TRUE;07/07/2020 06:35;2G_KLK039;;;
7786;Major;07/07/2020 06:34;TRUE;07/07/2020 06:34;3G_KLK038;;;
7786;Major;07/07/2020 06:33;TRUE;07/07/2020 06:34;3G_KLK003;;;
7786;Major;07/07/2020 06:33;TRUE;07/07/2020 06:34;3G_FTK003;;;
7786;Major;07/07/2020 06:33;TRUE;07/07/2020 06:34;3G_KLK040;;;
7786;Major;07/07/2020 06:33;TRUE;07/07/2020 06:34;3G_KLK039;;;
7786;Major;07/07/2020 06:33;TRUE;07/07/2020 06:34;3G_KLK004;;;
7786;Major;07/07/2020 06:33;TRUE;07/07/2020 06:34;3G_KLK001;;;
7786;Major;07/07/2020 06:33;TRUE;07/07/2020 06:34;3G_FTK004;;;
7786;Major;07/07/2020 06:33;TRUE;07/07/2020 06:35;3G_KLK002;;;
7786;Major;07/07/2020 06:32;TRUE;07/07/2020 06:33;3G_KLK002;;;
7786;Major;07/07/2020 06:32;TRUE;07/07/2020 06:33;3G_KLK040;;;
7706;Major;07/07/2020 06:32;TRUE;07/07/2020 06:32;2G_FTK004;;;
7706;Major;07/07/2020 06:32;TRUE;07/07/2020 06:32;2G_KLK040;;;
7786;Major;07/07/2020 06:32;TRUE;07/07/2020 06:33;3G_KLK039;;;
7786;Major;07/07/2020 06:32;TRUE;07/07/2020 06:33;3G_KLK003;;;
7786;Major;07/07/2020 06:32;TRUE;07/07/2020 06:32;3G_KLK001;;;
7786;Major;07/07/2020 06:32;TRUE;07/07/2020 06:33;3G_KLK038;;;
7786;Major;07/07/2020 06:32;TRUE;07/07/2020 06:32;3G_KLK040;;;
7786;Major;07/07/2020 06:31;TRUE;07/07/2020 06:31;3G_KLK001;;;
7706;Major;07/07/2020 06:29;TRUE;07/07/2020 06:29;2G_KLK040;;;
7706;Major;07/07/2020 06:29;TRUE;07/07/2020 06:29;2G_KLK003;;;
7706;Major;07/07/2020 06:29;TRUE;07/07/2020 06:29;2G_KLK004;;;
7706;Major;07/07/2020 06:29;TRUE;07/07/2020 06:29;2G_KLK038;;;
7706;Major;07/07/2020 06:29;TRUE;07/07/2020 06:29;2G_KLK006;;;
7706;Major;07/07/2020 06:29;TRUE;07/07/2020 06:29;2G_FTK003;;;
7786;Major;07/07/2020 06:29;TRUE;07/07/2020 06:29;3G_KLK038;;;
7786;Major;07/07/2020 06:28;TRUE;07/07/2020 06:29;3G_KLK004;;;
7786;Major;07/07/2020 06:28;TRUE;07/07/2020 06:29;3G_KLK040;;;
7706;Major;07/07/2020 06:28;TRUE;07/07/2020 06:28;2G_KLK002;;;
7706;Major;07/07/2020 06:28;TRUE;07/07/2020 06:29;2G_KLK003;;;
7706;Major;07/07/2020 06:28;TRUE;07/07/2020 06:29;2G_FTK004;;;
7706;Major;07/07/2020 06:28;TRUE;07/07/2020 06:28;2G_DBL006;;;
7706;Major;07/07/2020 06:28;TRUE;07/07/2020 06:29;2G_KLK001;;;
7786;Major;07/07/2020 06:28;TRUE;07/07/2020 06:29;3G_KLK039;;;
7706;Major;07/07/2020 06:16;TRUE;07/07/2020 06:16;2G_KLK003;;;
7706;Major;07/07/2020 06:16;TRUE;07/07/2020 06:17;2G_KLK038;;;
7706;Major;07/07/2020 06:16;TRUE;07/07/2020 06:16;2G_KLK006;;;
7706;Major;07/07/2020 06:01;TRUE;07/07/2020 06:01;2G_KLK038;;;
7706;Major;07/07/2020 06:01;TRUE;07/07/2020 06:01;2G_KLK003;;;
7706;Major;07/07/2020 06:01;TRUE;07/07/2020 06:01;2G_KLK006;;;
7706;Major;07/07/2020 06:01;TRUE;07/07/2020 06:01;2G_KLK039;;;
7706;Major;07/07/2020 06:01;TRUE;07/07/2020 06:01;2G_KLK040;;;
7706;Major;07/07/2020 06:01;TRUE;07/07/2020 06:01;2G_KLK001;;;
7706;Major;07/07/2020 06:01;TRUE;07/07/2020 06:01;2G_KLK004;;;
7786;Major;07/07/2020 06:01;TRUE;07/07/2020 06:01;3G_FTK004;;;
7786;Major;07/07/2020 06:01;TRUE;07/07/2020 06:01;3G_KLK001;;;
7786;Major;07/07/2020 06:01;TRUE;07/07/2020 06:01;3G_KLK040;;;
7786;Major;07/07/2020 06:01;TRUE;07/07/2020 06:02;3G_KLK002;;;
7706;Major;07/07/2020 05:40;TRUE;07/07/2020 05:40;2G_KLK003;;;
7706;Major;07/07/2020 03:39;TRUE;07/07/2020 15:35;2G_ZG004;;;
7786;Major;07/07/2020 03:39;TRUE;07/07/2020 15:36;3G_ZG004;;;
7706;Major;07/07/2020 01:36;TRUE;07/07/2020 01:36;2G_DBL006;;;
7706;Major;07/07/2020 01:36;TRUE;07/07/2020 01:36;2G_KLK004;;;
7706;Major;07/07/2020 01:36;TRUE;07/07/2020 01:36;2G_KLK006;;;
7706;Major;07/06/2020 22:45;TRUE;07/06/2020 22:45;2G_KLK001;;;
7706;Major;07/06/2020 21:49;TRUE;07/06/2020 21:49;2G_ZG052;;;
7706;Major;07/06/2020 21:47;TRUE;07/06/2020 21:47;2G_ZG028;;;
7706;Major;07/06/2020 21:47;TRUE;07/06/2020 21:47;2G_ZG001;;;
7706;Major;07/06/2020 18:42;TRUE;07/06/2020 18:42;2G_KLK022;;;
7706;Major;07/06/2020 18:28;TRUE;07/06/2020 18:32;2G_KLK022;;;
7706;Major;07/06/2020 18:28;TRUE;07/06/2020 18:28;2G_KLK022;;;
7706;Major;07/06/2020 18:21;TRUE;07/07/2020 12:24;2G_KLK014;;;
7706;Major;07/06/2020 18:17;TRUE;07/06/2020 18:19;2G_KLK014;;;
7786;Major;07/06/2020 18:16;TRUE;07/07/2020 12:25;3G_KLK014;;;
7706;Major;07/06/2020 18:06;TRUE;07/07/2020 07:26;2G_KLK023;;;
7706;Major;07/06/2020 18:05;TRUE;07/06/2020 18:13;2G_KLK014;;;
7786;Major;07/06/2020 18:05;TRUE;07/06/2020 18:15;3G_KLK014;;;
7706;Major;07/06/2020 17:46;TRUE;07/06/2020 21:32;2G_KLK021;;;
7786;Major;07/06/2020 17:45;TRUE;07/06/2020 21:33;3G_KLK021;;;
7706;Major;07/06/2020 17:23;TRUE;07/06/2020 17:33;2G_KLK042;;;
7706;Major;07/06/2020 17:22;TRUE;07/06/2020 17:32;2G_KLK043;;;
7706;Major;07/06/2020 17:22;TRUE;07/06/2020 17:31;2G_KLK036;;;
7706;Major;07/06/2020 17:22;TRUE;07/06/2020 17:31;2G_KLK047;;;
7706;Major;07/06/2020 17:22;TRUE;07/06/2020 17:31;2G_KLK048;;;
7706;Major;07/06/2020 17:22;TRUE;07/06/2020 17:32;2G_KLK016;;;
7786;Major;07/06/2020 17:22;TRUE;07/06/2020 17:32;3G_KLK016;;;
7706;Major;07/06/2020 17:19;TRUE;07/06/2020 17:20;2G_KLK004;;;
7706;Major;07/06/2020 17:19;TRUE;07/06/2020 17:19;2G_KLK003;;;
7706;Major;07/06/2020 17:19;TRUE;07/06/2020 17:19;2G_KLK040;;;
7706;Major;07/06/2020 17:19;TRUE;07/06/2020 17:19;2G_DBL006;;;
7706;Major;07/06/2020 17:19;TRUE;07/06/2020 17:19;2G_KLK006;;;
7706;Major;07/06/2020 17:19;TRUE;07/06/2020 17:19;2G_KLK002;;;
7706;Major;07/06/2020 17:19;TRUE;07/06/2020 17:19;2G_KLK038;;;
7706;Major;07/06/2020 17:19;TRUE;07/06/2020 17:19;2G_KLK039;;;
7706;Major;07/06/2020 17:19;TRUE;07/06/2020 17:19;2G_KLK001;;;
7786;Major;07/06/2020 17:19;TRUE;07/06/2020 17:20;3G_KLK040;;;
7786;Major;07/06/2020 17:19;TRUE;07/06/2020 17:20;3G_FTK003;;;
7706;Major;07/06/2020 17:12;TRUE;07/06/2020 17:12;2G_KLK020;;;
7706;Major;07/06/2020 17:10;TRUE;07/06/2020 17:15;2G_KLK004;;;
7786;Major;07/06/2020 17:10;TRUE;07/06/2020 17:15;3G_KLK004;;;
7706;Major;07/06/2020 17:05;TRUE;07/06/2020 17:30;2G_KLK049;;;
7786;Major;07/06/2020 17:05;TRUE;07/06/2020 17:31;3G_KLK049;;;
7706;Major;07/06/2020 16:29;TRUE;07/06/2020 16:45;2G_KLK023;;;
7706;Major;07/06/2020 15:23;TRUE;07/06/2020 15:23;2G_ZG051;;;
7706;Major;07/06/2020 15:18;TRUE;07/06/2020 15:18;2G_ZG050;;;
7706;Major;07/06/2020 15:12;TRUE;07/06/2020 15:12;2G_ZG004;;;
7706;Major;07/06/2020 15:07;TRUE;07/06/2020 15:07;2G_ZG002;;;
7706;Major;07/06/2020 14:57;TRUE;07/06/2020 14:57;2G_ZG001;;;
7706;Major;07/06/2020 14:24;TRUE;07/06/2020 14:24;2G_ZG051;;;
7706;Major;07/06/2020 14:17;TRUE;07/06/2020 14:17;2G_ZG050;;;
7706;Major;07/06/2020 14:14;TRUE;07/06/2020 14:14;2G_ZG028;;;
7706;Major;07/06/2020 13:54;TRUE;07/06/2020 13:54;2G_ZG004;;;
7706;Major;07/06/2020 13:51;TRUE;07/06/2020 13:51;2G_ZG002;;;
7706;Major;07/06/2020 13:36;TRUE;07/06/2020 13:36;2G_ZG001;;;
7706;Major;07/06/2020 10:44;TRUE;07/06/2020 10:44;2G_ZG050;;;
7706;Major;07/06/2020 10:15;TRUE;07/06/2020 10:15;2G_ZG028;;;
7706;Major;07/06/2020 01:27;TRUE;07/06/2020 01:28;2G_KLK020;;;
7706;Major;07/06/2020 01:23;TRUE;07/06/2020 01:25;2G_KLK020;;;
7706;Major;07/05/2020 22:50;TRUE;07/06/2020 14:34;2G_ZG052;;;
7706;Major;07/05/2020 20:23;TRUE;07/05/2020 20:25;2G_KLK014;;;
7786;Major;07/05/2020 20:23;TRUE;07/05/2020 20:26;3G_KLK014;;;
7786;Major;07/05/2020 20:18;TRUE;07/05/2020 20:20;3G_KLK014;;;
7786;Major;07/05/2020 20:17;TRUE;07/05/2020 20:18;3G_KLK014;;;
7786;Major;07/05/2020 20:07;TRUE;07/05/2020 20:09;3G_KLK014;;;
7706;Major;07/05/2020 18:48;TRUE;07/06/2020 08:12;2G_KLK023;;;
7706;Major;07/05/2020 15:19;TRUE;07/05/2020 15:20;2G_FTK004;;;
7706;Major;07/05/2020 15:05;TRUE;07/05/2020 15:05;2G_DBL006;;;
7706;Major;07/05/2020 15:05;TRUE;07/05/2020 15:05;2G_KLK002;;;
7706;Major;07/05/2020 15:05;TRUE;07/05/2020 15:05;2G_KLK004;;;
7706;Major;07/05/2020 15:05;TRUE;07/05/2020 15:05;2G_FTK003;;;
7706;Major;07/05/2020 15:05;TRUE;07/05/2020 15:05;2G_KLK001;;;
7706;Major;07/05/2020 15:05;TRUE;07/05/2020 15:05;2G_KLK039;;;
7706;Major;07/05/2020 15:05;TRUE;07/05/2020 15:05;2G_KLK006;;;
7706;Major;07/05/2020 15:05;TRUE;07/05/2020 15:05;2G_KLK003;;;
7706;Major;07/05/2020 12:48;TRUE;07/05/2020 12:48;2G_KLK039;;;
7786;Major;07/05/2020 12:47;TRUE;07/05/2020 12:48;3G_KLK040;;;
7786;Major;07/05/2020 12:47;TRUE;07/05/2020 12:48;3G_KLK003;;;
7706;Major;07/05/2020 12:39;TRUE;07/05/2020 12:39;2G_DBL006;;;
7706;Major;07/05/2020 08:51;TRUE;07/05/2020 08:53;2G_KLK020;;;
7706;Major;07/05/2020 08:50;TRUE;07/05/2020 08:51;2G_KLK020;;;
7706;Major;07/05/2020 08:39;TRUE;07/05/2020 08:40;2G_KLK020;;;
7706;Major;07/05/2020 08:37;TRUE;07/05/2020 08:38;2G_KLK020;;;
7706;Major;07/05/2020 08:36;TRUE;07/05/2020 08:36;2G_KLK020;;;
7706;Major;07/05/2020 08:34;TRUE;07/05/2020 08:35;2G_KLK020;;;
7706;Major;07/05/2020 08:30;TRUE;07/05/2020 08:32;2G_KLK020;;;
7706;Major;07/05/2020 08:29;TRUE;07/05/2020 08:30;2G_KLK020;;;
7706;Major;07/05/2020 08:27;TRUE;07/05/2020 08:27;2G_KLK020;;;
7706;Major;07/05/2020 08:25;TRUE;07/05/2020 08:26;2G_KLK020;;;
7706;Major;07/05/2020 08:20;TRUE;07/05/2020 08:20;2G_KLK020;;;
7706;Major;07/05/2020 08:18;TRUE;07/05/2020 08:19;2G_KLK020;;;
7706;Major;07/05/2020 08:13;TRUE;07/05/2020 08:14;2G_KLK020;;;
7706;Major;07/05/2020 08:11;TRUE;07/05/2020 08:11;2G_KLK020;;;
7706;Major;07/05/2020 08:08;TRUE;07/05/2020 08:08;2G_KLK020;;;
7706;Major;07/05/2020 08:03;TRUE;07/05/2020 08:03;2G_KLK020;;;
7706;Major;07/05/2020 08:01;TRUE;07/05/2020 08:02;2G_KLK020;;;
7786;Major;07/05/2020 07:20;TRUE;07/05/2020 07:21;3G_KLK014;;;
7786;Major;07/05/2020 07:17;TRUE;07/05/2020 07:18;3G_KLK014;;;
7706;Major;07/05/2020 03:22;TRUE;07/05/2020 03:22;2G_KLK048;;;
7706;Major;07/05/2020 02:48;TRUE;07/05/2020 02:49;2G_KLK048;;;
7706;Major;07/05/2020 02:43;TRUE;07/05/2020 02:43;2G_KLK048;;;
7706;Major;07/05/2020 02:20;TRUE;07/05/2020 02:21;2G_KLK020;;;
7786;Major;07/05/2020 02:16;TRUE;07/05/2020 02:17;3G_KLK014;;;
7706;Major;07/05/2020 02:14;TRUE;07/05/2020 02:14;2G_KLK020;;;
7706;Major;07/05/2020 02:10;TRUE;07/05/2020 02:11;2G_KLK020;;;
7706;Major;07/05/2020 02:03;TRUE;07/05/2020 02:03;2G_KLK020;;;
7706;Major;07/05/2020 02:02;TRUE;07/05/2020 02:02;2G_KLK020;;;
7706;Major;07/05/2020 02:01;TRUE;07/05/2020 02:01;2G_KLK020;;;
7706;Major;07/05/2020 01:57;TRUE;07/05/2020 01:57;2G_KLK020;;;
7706;Major;07/05/2020 01:53;TRUE;07/05/2020 01:53;2G_KLK020;;;
7706;Major;07/05/2020 01:49;TRUE;07/05/2020 01:50;2G_KLK020;;;
7706;Major;07/05/2020 01:48;TRUE;07/05/2020 01:49;2G_KLK020;;;
7706;Major;07/05/2020 01:46;TRUE;07/05/2020 01:46;2G_KLK020;;;
7706;Major;07/05/2020 01:45;TRUE;07/05/2020 01:45;2G_KLK020;;;
7706;Major;07/05/2020 01:44;TRUE;07/05/2020 01:44;2G_KLK020;;;
7706;Major;07/05/2020 01:43;TRUE;07/05/2020 01:43;2G_KLK020;;;
7706;Major;07/05/2020 01:41;TRUE;07/05/2020 01:41;2G_KLK020;;;
7706;Major;07/05/2020 01:37;TRUE;07/05/2020 01:38;2G_KLK020;;;
7706;Major;07/05/2020 01:35;TRUE;07/05/2020 01:36;2G_KLK020;;;
7706;Major;07/05/2020 01:31;TRUE;07/05/2020 01:32;2G_KLK020;;;
7706;Major;07/05/2020 01:30;TRUE;07/05/2020 01:30;2G_KLK020;;;
7706;Major;07/05/2020 01:28;TRUE;07/05/2020 01:29;2G_KLK020;;;
7706;Major;07/05/2020 01:27;TRUE;07/05/2020 01:27;2G_KLK020;;;
7706;Major;07/05/2020 01:24;TRUE;07/05/2020 01:24;2G_KLK020;;;
7706;Major;07/05/2020 01:22;TRUE;07/05/2020 01:23;2G_KLK020;;;
7706;Major;07/05/2020 01:20;TRUE;07/05/2020 01:21;2G_KLK020;;;
7706;Major;07/05/2020 01:13;TRUE;07/05/2020 01:13;2G_KLK020;;;
7706;Major;07/05/2020 01:08;TRUE;07/05/2020 01:08;2G_KLK020;;;
7706;Major;07/05/2020 01:07;TRUE;07/05/2020 01:07;2G_KLK020;;;
7706;Major;07/05/2020 01:04;TRUE;07/05/2020 01:04;2G_KLK020;;;
7706;Major;07/05/2020 00:31;TRUE;07/05/2020 00:32;2G_KLK020;;;
7706;Major;07/05/2020 00:29;TRUE;07/05/2020 00:30;2G_KLK020;;;
7706;Major;07/05/2020 00:26;TRUE;07/05/2020 00:26;2G_KLK020;;;
7706;Major;07/05/2020 00:21;TRUE;07/05/2020 00:22;2G_KLK020;;;
7706;Major;07/05/2020 00:17;TRUE;07/05/2020 00:17;2G_KLK020;;;
7706;Major;07/05/2020 00:14;TRUE;07/05/2020 00:14;2G_KLK020;;;
7706;Major;07/05/2020 00:05;TRUE;07/05/2020 00:05;2G_KLK020;;;
7706;Major;07/05/2020 00:00;TRUE;07/05/2020 00:01;2G_KLK020;;;
7706;Major;07/04/2020 23:58;TRUE;07/04/2020 23:58;2G_KLK020;;;
7706;Major;07/04/2020 23:52;TRUE;07/04/2020 23:52;2G_KLK020;;;
7706;Major;07/04/2020 23:42;TRUE;07/04/2020 23:42;2G_KLK020;;;
7706;Major;07/04/2020 23:41;TRUE;07/04/2020 23:41;2G_KLK047;;;
7706;Major;07/04/2020 23:41;TRUE;07/04/2020 23:41;2G_KLK020;;;
7706;Major;07/04/2020 23:38;TRUE;07/04/2020 23:39;2G_KLK020;;;
7706;Major;07/04/2020 23:35;TRUE;07/04/2020 23:36;2G_KLK020;;;
7706;Major;07/04/2020 23:33;TRUE;07/04/2020 23:35;2G_KLK020;;;
7706;Major;07/04/2020 23:32;TRUE;07/04/2020 23:32;2G_KLK020;;;
7706;Major;07/04/2020 23:31;TRUE;07/04/2020 23:31;2G_KLK020;;;
7706;Major;07/04/2020 23:29;TRUE;07/04/2020 23:30;2G_KLK020;;;
7706;Major;07/04/2020 23:28;TRUE;07/04/2020 23:28;2G_KLK020;;;
7706;Major;07/04/2020 23:25;TRUE;07/04/2020 23:26;2G_KLK020;;;
7706;Major;07/04/2020 23:20;TRUE;07/04/2020 23:20;2G_KLK020;;;
7706;Major;07/04/2020 23:19;TRUE;07/04/2020 23:19;2G_KLK020;;;
7706;Major;07/04/2020 23:17;TRUE;07/04/2020 23:18;2G_KLK020;;;
7706;Major;07/04/2020 23:15;TRUE;07/04/2020 23:16;2G_KLK020;;;
7706;Major;07/04/2020 23:13;TRUE;07/04/2020 23:14;2G_KLK020;;;
7706;Major;07/04/2020 23:11;TRUE;07/04/2020 23:12;2G_KLK020;;;
7706;Major;07/04/2020 23:09;TRUE;07/04/2020 23:10;2G_KLK020;;;
7706;Major;07/04/2020 23:08;TRUE;07/04/2020 23:09;2G_KLK020;;;
7706;Major;07/04/2020 23:07;TRUE;07/04/2020 23:07;2G_KLK020;;;
7706;Major;07/04/2020 23:04;TRUE;07/04/2020 23:04;2G_KLK020;;;
7706;Major;07/04/2020 23:00;TRUE;07/04/2020 23:02;2G_KLK020;;;
7706;Major;07/04/2020 22:58;TRUE;07/04/2020 22:59;2G_KLK020;;;
7706;Major;07/04/2020 22:56;TRUE;07/04/2020 22:58;2G_KLK020;;;
7706;Major;07/04/2020 22:53;TRUE;07/04/2020 22:55;2G_KLK020;;;
7706;Major;07/04/2020 22:52;TRUE;07/04/2020 22:53;2G_KLK020;;;
7706;Major;07/04/2020 22:46;TRUE;07/04/2020 22:47;2G_KLK020;;;
7706;Major;07/04/2020 22:44;TRUE;07/04/2020 22:46;2G_KLK020;;;
7706;Major;07/04/2020 22:42;TRUE;07/04/2020 22:42;2G_KLK020;;;
7706;Major;07/04/2020 22:39;TRUE;07/04/2020 22:41;2G_KLK020;;;
7706;Major;07/04/2020 22:36;TRUE;07/04/2020 22:36;2G_KLK020;;;
7706;Major;07/04/2020 22:27;TRUE;07/04/2020 22:29;2G_KLK020;;;
7706;Major;07/04/2020 22:24;TRUE;07/04/2020 22:25;2G_KLK020;;;
7706;Major;07/04/2020 22:23;TRUE;07/04/2020 22:24;2G_KLK020;;;
7706;Major;07/04/2020 22:23;TRUE;07/04/2020 22:23;2G_KLK020;;;
7706;Major;07/04/2020 22:22;TRUE;07/04/2020 22:22;2G_KLK020;;;
7706;Major;07/04/2020 22:19;TRUE;07/04/2020 22:20;2G_KLK020;;;
7706;Major;07/04/2020 22:17;TRUE;07/04/2020 22:18;2G_KLK020;;;
7706;Major;07/04/2020 22:16;TRUE;07/04/2020 22:16;2G_KLK020;;;
7706;Major;07/04/2020 22:14;TRUE;07/04/2020 22:15;2G_KLK020;;;
7706;Major;07/04/2020 22:13;TRUE;07/04/2020 22:13;2G_KLK020;;;
7706;Major;07/04/2020 22:08;TRUE;07/04/2020 22:11;2G_KLK020;;;
7706;Major;07/04/2020 22:01;TRUE;07/04/2020 22:05;2G_KLK020;;;
7706;Major;07/04/2020 21:57;TRUE;07/04/2020 21:57;2G_KLK020;;;
7706;Major;07/04/2020 21:55;TRUE;07/04/2020 21:55;2G_KLK020;;;
7706;Major;07/04/2020 21:53;TRUE;07/04/2020 21:54;2G_KLK020;;;
7706;Major;07/04/2020 21:50;TRUE;07/04/2020 21:51;2G_KLK020;;;
7706;Major;07/04/2020 21:48;TRUE;07/04/2020 21:49;2G_KLK020;;;
7706;Major;07/04/2020 21:47;TRUE;07/04/2020 21:47;2G_KLK020;;;
7706;Major;07/04/2020 21:44;TRUE;07/04/2020 21:45;2G_KLK020;;;
7706;Major;07/04/2020 21:43;TRUE;07/04/2020 21:44;2G_KLK020;;;
7706;Major;07/04/2020 21:42;TRUE;07/04/2020 21:42;2G_KLK020;;;
7706;Major;07/04/2020 21:41;TRUE;07/04/2020 21:41;2G_KLK020;;;
7706;Major;07/04/2020 21:39;TRUE;07/04/2020 21:40;2G_KLK020;;;
7706;Major;07/04/2020 21:37;TRUE;07/04/2020 21:38;2G_KLK020;;;
7706;Major;07/04/2020 21:31;TRUE;07/04/2020 21:33;2G_KLK020;;;
7706;Major;07/04/2020 21:29;TRUE;07/04/2020 21:29;2G_KLK020;;;
7706;Major;07/04/2020 21:28;TRUE;07/04/2020 21:29;2G_KLK020;;;
7706;Major;07/04/2020 21:26;TRUE;07/04/2020 21:27;2G_KLK020;;;
7706;Major;07/04/2020 21:20;TRUE;07/04/2020 21:21;2G_KLK020;;;
7706;Major;07/04/2020 21:18;TRUE;07/04/2020 21:18;2G_KLK020;;;
7706;Major;07/04/2020 21:15;TRUE;07/04/2020 21:16;2G_KLK020;;;
7706;Major;07/04/2020 21:09;TRUE;07/04/2020 21:09;2G_KLK020;;;
7706;Major;07/04/2020 21:05;TRUE;07/04/2020 21:06;2G_KLK020;;;
7706;Major;07/04/2020 21:03;TRUE;07/04/2020 21:03;2G_KLK020;;;
7706;Major;07/04/2020 20:48;TRUE;07/04/2020 20:48;2G_KLK020;;;
7706;Major;07/04/2020 20:35;TRUE;07/04/2020 20:35;2G_KLK020;;;
7706;Major;07/04/2020 20:33;TRUE;07/04/2020 20:34;2G_KLK020;;;
7706;Major;07/04/2020 20:32;TRUE;07/04/2020 20:32;2G_KLK020;;;
7706;Major;07/04/2020 20:28;TRUE;07/04/2020 20:28;2G_KLK020;;;
7706;Major;07/04/2020 20:27;TRUE;07/04/2020 20:27;2G_KLK020;;;
7706;Major;07/04/2020 20:25;TRUE;07/04/2020 20:25;2G_KLK020;;;
7706;Major;07/04/2020 18:45;TRUE;07/05/2020 07:29;2G_KLK023;;;
7706;Major;07/04/2020 13:19;TRUE;07/04/2020 13:21;2G_ZG002;;;
7786;Major;07/04/2020 13:18;TRUE;07/04/2020 13:21;3G_ZG002;;;
7706;Major;07/04/2020 12:38;TRUE;07/04/2020 12:38;2G_KLK047;;;
7706;Major;07/04/2020 12:35;TRUE;07/04/2020 12:40;2G_ZG050;;;
7786;Major;07/04/2020 12:34;TRUE;07/04/2020 12:41;3G_ZG050;;;
7706;Major;07/04/2020 12:15;TRUE;07/04/2020 12:15;2G_KLK047;;;
7706;Major;07/04/2020 08:19;TRUE;07/04/2020 08:19;2G_FTK003;;;
7706;Major;07/04/2020 08:19;TRUE;07/04/2020 08:19;2G_KLK001;;;
7706;Major;07/04/2020 08:18;TRUE;07/04/2020 08:18;2G_KLK039;;;
7706;Major;07/04/2020 08:18;TRUE;07/04/2020 08:19;2G_KLK003;;;
7706;Major;07/04/2020 08:18;TRUE;07/04/2020 08:19;2G_KLK040;;;
7706;Major;07/04/2020 08:18;TRUE;07/04/2020 08:19;2G_KLK038;;;
7706;Major;07/04/2020 08:18;TRUE;07/04/2020 08:19;2G_KLK006;;;
7706;Major;07/04/2020 08:18;TRUE;07/04/2020 08:19;2G_KLK004;;;
7786;Major;07/04/2020 08:18;TRUE;07/04/2020 08:19;3G_KLK006;;;
7786;Major;07/04/2020 05:45;TRUE;07/04/2020 05:46;3G_KLK014;;;
7786;Major;07/04/2020 05:39;TRUE;07/04/2020 05:40;3G_KLK014;;;
7706;Major;07/04/2020 04:11;TRUE;07/04/2020 14:16;2G_KLK042;;;
7706;Major;07/04/2020 03:29;TRUE;07/04/2020 03:30;2G_DBL006;;;
7706;Major;07/04/2020 03:27;TRUE;07/04/2020 03:27;2G_KLK040;;;
7706;Major;07/04/2020 03:23;TRUE;07/04/2020 03:23;2G_DBL006;;;
7706;Major;07/04/2020 02:26;TRUE;07/04/2020 02:27;2G_DBL006;;;
7706;Major;07/04/2020 01:51;TRUE;07/04/2020 01:51;2G_DBL006;;;
7706;Major;07/04/2020 01:49;TRUE;07/04/2020 01:50;2G_DBL006;;;
7706;Major;07/04/2020 01:48;TRUE;07/04/2020 01:49;2G_DBL006;;;
7706;Major;07/04/2020 00:49;TRUE;07/04/2020 00:50;2G_DBL006;;;
7706;Major;07/04/2020 00:37;TRUE;07/04/2020 00:37;2G_DBL006;;;
7706;Major;07/04/2020 00:34;TRUE;07/04/2020 00:36;2G_DBL006;;;
7706;Major;07/04/2020 00:33;TRUE;07/04/2020 00:34;2G_DBL006;;;
7706;Major;07/04/2020 00:31;TRUE;07/04/2020 00:32;2G_DBL006;;;
7706;Major;07/04/2020 00:29;TRUE;07/04/2020 00:30;2G_DBL006;;;
7706;Major;07/04/2020 00:27;TRUE;07/04/2020 00:29;2G_DBL006;;;
7706;Major;07/03/2020 20:25;TRUE;07/03/2020 20:26;2G_KLK014;;;
7786;Major;07/03/2020 20:24;TRUE;07/03/2020 20:28;3G_KLK014;;;
7706;Major;07/03/2020 20:21;TRUE;07/03/2020 20:24;2G_ZG002;;;
7706;Major;07/03/2020 20:21;TRUE;07/03/2020 21:05;2G_ZG050;;;
7786;Major;07/03/2020 20:21;TRUE;07/03/2020 20:24;3G_ZG002;;;
7786;Major;07/03/2020 20:21;TRUE;07/03/2020 21:06;3G_ZG050;;;
7786;Major;07/03/2020 20:20;TRUE;07/03/2020 20:22;3G_KLK014;;;
7786;Major;07/03/2020 20:17;TRUE;07/03/2020 20:18;3G_KLK014;;;
7706;Major;07/03/2020 19:04;TRUE;07/03/2020 19:04;2G_KLK013;;;
7706;Major;07/03/2020 19:04;TRUE;07/03/2020 19:04;2G_KLK019;;;
7706;Major;07/03/2020 19:04;TRUE;07/03/2020 19:04;2G_KLK046;;;
7706;Major;07/03/2020 19:04;TRUE;07/03/2020 19:04;2G_KLK026;;;
7706;Major;07/03/2020 19:04;TRUE;07/03/2020 19:04;2G_KLK016;;;
7706;Major;07/03/2020 19:04;TRUE;07/03/2020 19:04;2G_KLK036;;;
7706;Major;07/03/2020 19:04;TRUE;07/03/2020 19:04;2G_KLK048;;;
7706;Major;07/03/2020 19:04;TRUE;07/03/2020 19:04;2G_KLK021;;;
7706;Major;07/03/2020 19:04;TRUE;07/03/2020 19:04;2G_KLK007;;;
7706;Major;07/03/2020 19:04;TRUE;07/03/2020 19:04;2G_KLK022;;;
7706;Major;07/03/2020 19:04;TRUE;07/03/2020 19:04;2G_KLK025;;;
7706;Major;07/03/2020 19:04;TRUE;07/03/2020 19:04;2G_KLK009;;;
7706;Major;07/03/2020 19:03;TRUE;07/03/2020 19:04;2G_KLK018;;;
7706;Major;07/03/2020 19:03;TRUE;07/03/2020 19:04;2G_KLK043;;;
7706;Major;07/03/2020 19:03;TRUE;07/03/2020 19:04;2G_KLK008;;;
7706;Major;07/03/2020 19:03;TRUE;07/03/2020 19:04;2G_KLK011;;;
7706;Major;07/03/2020 19:03;TRUE;07/03/2020 19:04;2G_KLK024;;;
7706;Major;07/03/2020 19:03;TRUE;07/03/2020 19:04;2G_KLK047;;;
7706;Major;07/03/2020 19:03;TRUE;07/03/2020 19:04;2G_KLK012;;;
7706;Major;07/03/2020 19:03;TRUE;07/03/2020 19:04;2G_KLK042;;;
7706;Major;07/03/2020 19:03;TRUE;07/03/2020 19:04;2G_KLK020;;;
7786;Major;07/03/2020 19:03;TRUE;07/03/2020 19:04;3G_KLK021;;;
7786;Major;07/03/2020 19:03;TRUE;07/03/2020 19:04;3G_KLK016;;;
7706;Major;07/03/2020 18:39;TRUE;07/04/2020 07:29;2G_KLK023;;;
7706;Major;07/03/2020 18:13;TRUE;07/03/2020 18:13;2G_ZG028;;;
7706;Major;07/03/2020 13:55;TRUE;07/03/2020 13:55;2G_KLK048;;;
7706;Major;07/03/2020 12:49;TRUE;07/03/2020 12:51;2G_KLK014;;;
7786;Major;07/03/2020 12:48;TRUE;07/03/2020 12:52;3G_KLK014;;;
7786;Major;07/03/2020 12:28;TRUE;07/03/2020 12:30;3G_KLK014;;;
7786;Major;07/03/2020 12:25;TRUE;07/03/2020 12:27;3G_KLK014;;;
7706;Major;07/03/2020 12:07;TRUE;07/03/2020 12:07;2G_KLK048;;;
7786;Major;07/03/2020 11:27;TRUE;07/03/2020 11:28;3G_KLK014;;;
7706;Major;07/03/2020 09:27;TRUE;07/03/2020 09:27;2G_KLK048;;;
7706;Major;07/03/2020 08:50;TRUE;07/03/2020 08:51;2G_FTK005;;;
7706;Major;07/03/2020 08:33;TRUE;07/03/2020 08:34;2G_KLK048;;;
7706;Major;07/03/2020 08:20;TRUE;07/03/2020 08:20;2G_KLK048;;;
7706;Major;07/03/2020 07:54;TRUE;07/03/2020 17:31;2G_KLK022;;;
7706;Major;07/03/2020 07:53;TRUE;07/03/2020 07:53;2G_KLK048;;;
7706;Major;07/03/2020 07:26;TRUE;07/03/2020 07:26;2G_KLK048;;;
7706;Major;07/03/2020 06:23;TRUE;07/03/2020 06:23;2G_KLK048;;;
7786;Major;07/03/2020 05:27;TRUE;07/03/2020 05:28;3G_KLK014;;;
7706;Major;07/03/2020 05:07;TRUE;07/03/2020 05:09;2G_KLK014;;;
7786;Major;07/03/2020 05:07;TRUE;07/03/2020 05:10;3G_KLK014;;;
7786;Major;07/03/2020 05:03;TRUE;07/03/2020 05:04;3G_KLK014;;;
7786;Major;07/03/2020 04:55;TRUE;07/03/2020 04:57;3G_KLK014;;;
7786;Major;07/03/2020 04:50;TRUE;07/03/2020 04:51;3G_KLK014;;;
7706;Major;07/03/2020 04:12;TRUE;07/03/2020 04:16;2G_KLK048;;;
7786;Major;07/03/2020 01:52;TRUE;07/03/2020 01:53;3G_KLK014;;;
7706;Major;07/03/2020 00:35;TRUE;07/03/2020 00:35;2G_ZG001;;;
7786;Major;07/02/2020 23:31;TRUE;07/02/2020 23:33;3G_ZG028;;;
7786;Major;07/02/2020 23:30;TRUE;07/02/2020 23:33;3G_ZG050;;;
7786;Major;07/02/2020 23:30;TRUE;07/02/2020 23:33;3G_ZG004;;;
7786;Major;07/02/2020 23:30;TRUE;07/02/2020 23:33;3G_ZG001;;;
7786;Major;07/02/2020 23:30;TRUE;07/02/2020 23:33;3G_ZG002;;;
7786;Major;07/02/2020 23:30;TRUE;07/02/2020 23:33;3G_ZG051;;;
7786;Major;07/02/2020 23:24;TRUE;07/02/2020 23:25;3G_ZG004;;;
7786;Major;07/02/2020 23:24;TRUE;07/02/2020 23:25;3G_ZG002;;;
7786;Major;07/02/2020 23:24;TRUE;07/02/2020 23:25;3G_ZG051;;;
7786;Major;07/02/2020 23:24;TRUE;07/02/2020 23:25;3G_ZG001;;;
7786;Major;07/02/2020 23:24;TRUE;07/02/2020 23:25;3G_ZG050;;;
7706;Major;07/02/2020 23:02;TRUE;07/02/2020 23:04;2G_KLK004;;;
7786;Major;07/02/2020 23:01;TRUE;07/02/2020 23:05;3G_KLK004;;;
7706;Major;07/02/2020 21:44;TRUE;07/02/2020 21:46;2G_KLK050;;;
7786;Major;07/02/2020 21:44;TRUE;07/02/2020 21:47;3G_KLK050;;;
7786;Major;07/02/2020 20:55;TRUE;07/02/2020 20:57;3G_KLK014;;;
7786;Major;07/02/2020 19:59;TRUE;07/02/2020 20:00;3G_KLK014;;;
7706;Major;07/02/2020 16:31;TRUE;07/02/2020 16:32;2G_KLK022;;;
7786;Major;07/02/2020 12:44;TRUE;07/02/2020 12:46;3G_ZG028;;;
7706;Major;07/02/2020 12:44;TRUE;07/02/2020 12:46;2G_ZG028;;;
7706;Major;07/02/2020 10:47;TRUE;07/02/2020 10:47;2G_KLK048;;;
7706;Major;07/02/2020 10:44;TRUE;07/02/2020 10:45;2G_KLK046;;;
7706;Major;07/02/2020 10:44;TRUE;07/02/2020 10:45;2G_KLK019;;;
7706;Major;07/02/2020 10:44;TRUE;07/02/2020 10:45;2G_KLK036;;;
7706;Major;07/02/2020 10:44;TRUE;07/02/2020 10:44;2G_KLK047;;;
7706;Major;07/02/2020 10:44;TRUE;07/02/2020 10:45;2G_KLK007;;;
7706;Major;07/02/2020 10:44;TRUE;07/02/2020 10:45;2G_KLK025;;;
7706;Major;07/02/2020 10:44;TRUE;07/02/2020 10:45;2G_KLK043;;;
7706;Major;07/02/2020 10:44;TRUE;07/02/2020 10:45;2G_KLK012;;;
7706;Major;07/02/2020 10:44;TRUE;07/02/2020 10:45;2G_KLK020;;;
7706;Major;07/02/2020 10:44;TRUE;07/02/2020 10:44;2G_KLK048;;;
7786;Major;07/02/2020 10:44;TRUE;07/02/2020 10:45;3G_KLK016;;;
7786;Major;07/02/2020 10:44;TRUE;07/02/2020 10:45;3G_KLK021;;;
7706;Major;07/02/2020 08:55;TRUE;07/02/2020 08:57;2G_KLK014;;;
7786;Major;07/02/2020 08:55;TRUE;07/02/2020 08:58;3G_KLK014;;;
7786;Major;07/02/2020 08:46;TRUE;07/02/2020 08:47;3G_KLK014;;;
7786;Major;07/02/2020 08:42;TRUE;07/02/2020 08:43;3G_KLK014;;;
7786;Major;07/02/2020 08:40;TRUE;07/02/2020 08:41;3G_KLK014;;;
7706;Major;07/02/2020 07:36;TRUE;07/02/2020 08:28;2G_ZG050;;;
7786;Major;07/02/2020 07:36;TRUE;07/02/2020 08:28;3G_ZG050;;;
7786;Major;07/02/2020 06:17;TRUE;07/02/2020 06:19;3G_KLK014;;;
7786;Major;07/02/2020 06:15;TRUE;07/02/2020 06:17;3G_KLK014;;;
7786;Major;07/02/2020 06:10;TRUE;07/02/2020 06:11;3G_KLK014;;;
7706;Major;07/02/2020 04:43;TRUE;07/02/2020 04:45;2G_KLK014;;;
7786;Major;07/02/2020 04:42;TRUE;07/02/2020 04:46;3G_KLK014;;;
7786;Major;07/02/2020 04:41;TRUE;07/02/2020 04:42;3G_KLK014;;;
7786;Major;07/02/2020 04:36;TRUE;07/02/2020 04:37;3G_KLK014;;;
7786;Major;07/02/2020 04:33;TRUE;07/02/2020 04:34;3G_KLK014;;;
7786;Major;07/02/2020 02:39;TRUE;07/02/2020 02:40;3G_KLK014;;;
7786;Major;07/02/2020 02:34;TRUE;07/02/2020 02:35;3G_KLK014;;;
7786;Major;07/02/2020 01:35;TRUE;07/02/2020 01:36;3G_ZG001;;;
7706;Major;07/02/2020 01:09;TRUE;07/02/2020 01:09;2G_DBL006;;;
7706;Major;07/02/2020 01:09;TRUE;07/02/2020 01:09;2G_FTK004;;;
7706;Major;07/02/2020 01:06;TRUE;07/02/2020 03:39;2G_KLK019;;;
7706;Major;07/02/2020 01:04;TRUE;07/02/2020 22:16;2G_KLK006;;;
7786;Major;07/02/2020 01:03;TRUE;07/02/2020 22:17;3G_KLK006;;;
7706;Major;07/02/2020 00:53;TRUE;07/02/2020 00:53;2G_KLK003;;;
7706;Major;07/01/2020 23:36;TRUE;07/02/2020 21:26;2G_KLK050;;;
7786;Major;07/01/2020 23:35;TRUE;07/02/2020 21:27;3G_KLK050;;;
7706;Major;07/01/2020 23:26;TRUE;07/01/2020 23:28;2G_KLK050;;;
7786;Major;07/01/2020 23:25;TRUE;07/01/2020 23:29;3G_KLK050;;;
7706;Major;07/01/2020 23:09;TRUE;07/01/2020 23:19;2G_KLK050;;;
7706;Major;07/01/2020 22:23;TRUE;07/01/2020 22:27;2G_KLK031;;;
7706;Major;07/01/2020 22:17;TRUE;07/01/2020 22:21;2G_KLK031;;;
7706;Major;07/01/2020 22:16;TRUE;07/01/2020 22:16;2G_KLK031;;;
7706;Major;07/01/2020 22:14;TRUE;07/01/2020 22:38;2G_KLK015;;;
7706;Major;07/01/2020 22:14;TRUE;07/01/2020 22:38;2G_KLK037;;;
7706;Major;07/01/2020 22:14;TRUE;07/01/2020 22:38;2G_KLK014;;;
7786;Major;07/01/2020 22:13;TRUE;07/01/2020 22:39;3G_KLK014;;;
7706;Major;07/01/2020 22:07;TRUE;07/01/2020 22:08;2G_KLK042;;;
7786;Major;07/01/2020 21:48;TRUE;07/02/2020 01:01;3G_KLK006;;;
7706;Major;07/01/2020 21:48;TRUE;07/01/2020 22:08;2G_KLK036;;;
7706;Major;07/01/2020 21:48;TRUE;07/01/2020 22:08;2G_KLK047;;;
7706;Major;07/01/2020 21:48;TRUE;07/01/2020 22:08;2G_KLK016;;;
7706;Major;07/01/2020 21:48;TRUE;07/01/2020 22:08;2G_KLK048;;;
7706;Major;07/01/2020 21:48;TRUE;07/01/2020 22:08;2G_KLK043;;;
7786;Major;07/01/2020 21:48;TRUE;07/01/2020 22:08;3G_KLK016;;;
7706;Major;07/01/2020 21:48;TRUE;07/01/2020 22:05;2G_KLK042;;;
7786;Major;07/01/2020 21:35;TRUE;07/02/2020 20:33;3G_KLK004;;;
7786;Major;07/01/2020 21:34;TRUE;07/02/2020 09:57;3G_KLK033;;;
7706;Major;07/01/2020 21:30;TRUE;07/01/2020 22:07;2G_KLK049;;;
7786;Major;07/01/2020 21:29;TRUE;07/01/2020 22:08;3G_KLK049;;;
7706;Major;07/01/2020 21:29;TRUE;07/01/2020 21:29;2G_DBL006;;;
7706;Major;07/01/2020 21:29;TRUE;07/01/2020 21:29;2G_FTK004;;;
7786;Major;07/01/2020 21:28;TRUE;07/01/2020 21:30;3G_FTK004;;;
7786;Major;07/01/2020 21:28;TRUE;07/01/2020 23:20;3G_KLK050;;;
7706;Major;07/01/2020 21:27;TRUE;07/01/2020 21:28;2G_KLK049;;;
7786;Major;07/01/2020 21:26;TRUE;07/01/2020 21:29;3G_KLK049;;;
7706;Major;07/01/2020 21:05;TRUE;07/01/2020 21:22;2G_DBL006;;;
7706;Major;07/01/2020 21:05;TRUE;07/01/2020 21:22;2G_FTK004;;;
7786;Major;07/01/2020 21:05;TRUE;07/01/2020 21:23;3G_FTK004;;;
7706;Major;07/01/2020 20:24;TRUE;07/01/2020 20:24;2G_KLK002;;;
7786;Major;07/01/2020 19:18;TRUE;07/01/2020 19:20;3G_KLK014;;;
7786;Major;07/01/2020 19:17;TRUE;07/01/2020 19:18;3G_KLK014;;;
7786;Major;07/01/2020 19:06;TRUE;07/01/2020 19:07;3G_KLK014;;;
7786;Major;07/01/2020 17:11;TRUE;07/01/2020 17:12;3G_KLK014;;;
7786;Major;07/01/2020 17:05;TRUE;07/01/2020 17:06;3G_KLK014;;;
7706;Major;07/01/2020 14:48;TRUE;07/01/2020 14:50;2G_KLK014;;;
7786;Major;07/01/2020 14:48;TRUE;07/01/2020 14:51;3G_KLK014;;;
7786;Major;07/01/2020 14:45;TRUE;07/01/2020 14:47;3G_KLK014;;;
7786;Major;07/01/2020 14:43;TRUE;07/01/2020 14:44;3G_KLK014;;;
7786;Major;07/01/2020 14:26;TRUE;07/01/2020 14:28;3G_KLK014;;;
