ALARM_NUMBER,ALARM_TYPE,SEVERITY,ALARM_TIME,CANCEL_STATE,CANCEL_TIME,NAME,CONSECUTIVE_NUMBER,ALARM_INSERTION_TIME,ALARM_UPDATE_TIME
7706,,Major,7/9/2020 8:55,TRUE,7/9/2020 8:56,2G_KLK020,,,
7706,,Major,7/9/2020 8:55,TRUE,7/9/2020 8:55,2G_KLK036,,,
7706,,Major,7/9/2020 8:54,TRUE,7/9/2020 8:54,2G_KLK020,,,
7706,,Major,7/9/2020 8:53,TRUE,7/9/2020 8:53,2G_KLK020,,,
7706,,Major,7/9/2020 8:51,TRUE,7/9/2020 8:51,2G_KLK020,,,
7706,,Major,7/9/2020 8:49,TRUE,7/9/2020 8:50,2G_KLK020,,,
7706,,Major,7/9/2020 8:48,TRUE,7/9/2020 8:49,2G_KLK036,,,
7786,,Major,7/9/2020 8:47,TRUE,7/9/2020 8:47,3G_ZG002,,,
7786,,Major,7/9/2020 8:47,TRUE,7/9/2020 8:48,3G_ZG050,,,
7786,,Major,7/9/2020 8:47,TRUE,7/9/2020 8:47,3G_ZG052,,,
7786,,Major,7/9/2020 8:47,TRUE,7/9/2020 8:47,3G_ZG001,,,
7786,,Major,7/9/2020 8:47,TRUE,7/9/2020 8:47,3G_ZG004,,,
7786,,Major,7/9/2020 8:47,TRUE,7/9/2020 8:47,3G_ZG051,,,
7706,,Major,7/9/2020 8:46,TRUE,7/9/2020 8:47,2G_KLK020,,,
7706,,Major,7/9/2020 8:44,TRUE,7/9/2020 8:46,2G_KLK020,,,
7706,,Major,7/9/2020 8:42,TRUE,7/9/2020 8:43,2G_KLK020,,,
7706,,Major,7/9/2020 8:41,TRUE,7/9/2020 8:42,2G_KLK020,,,
7706,,Major,7/9/2020 8:39,TRUE,7/9/2020 8:40,2G_KLK020,,,
7706,,Major,7/9/2020 8:38,TRUE,7/9/2020 8:38,2G_KLK020,,,
7706,,Major,7/9/2020 8:33,TRUE,7/9/2020 8:37,2G_KLK020,,,
7786,,Major,7/9/2020 8:30,TRUE,7/9/2020 8:31,3G_ZG052,,,
7786,,Major,7/9/2020 8:30,TRUE,7/9/2020 8:31,3G_ZG002,,,
7786,,Major,7/9/2020 8:30,TRUE,7/9/2020 8:31,3G_ZG051,,,
7706,,Major,7/9/2020 8:29,TRUE,7/9/2020 8:32,2G_KLK020,,,
7786,,Major,7/9/2020 8:29,TRUE,7/9/2020 8:29,3G_ZG004,,,
7786,,Major,7/9/2020 8:29,TRUE,7/9/2020 8:29,3G_ZG050,,,
7786,,Major,7/9/2020 8:29,TRUE,7/9/2020 8:29,3G_ZG001,,,
7786,,Major,7/9/2020 8:29,TRUE,7/9/2020 8:29,3G_ZG002,,,
7786,,Major,7/9/2020 8:29,TRUE,7/9/2020 8:29,3G_ZG052,,,
7786,,Major,7/9/2020 8:29,TRUE,7/9/2020 8:29,3G_ZG051,,,
7706,,Major,7/9/2020 8:27,TRUE,7/9/2020 8:28,2G_KLK020,,,
7706,,Major,7/9/2020 8:23,TRUE,7/9/2020 8:23,2G_KLK020,,,
7706,,Major,7/9/2020 8:21,TRUE,7/9/2020 8:22,2G_KLK020,,,
7706,,Major,7/9/2020 8:18,TRUE,7/9/2020 8:20,2G_KLK020,,,
7706,,Major,7/9/2020 8:17,TRUE,7/9/2020 8:18,2G_KLK020,,,
7706,,Major,7/9/2020 8:15,TRUE,7/9/2020 8:15,2G_KLK020,,,
7706,,Major,7/9/2020 8:14,TRUE,7/9/2020 8:14,2G_KLK020,,,
7706,,Major,7/9/2020 8:12,TRUE,7/9/2020 8:13,2G_KLK020,,,
7706,,Major,7/9/2020 8:09,TRUE,7/9/2020 8:12,2G_KLK020,,,
7706,,Major,7/9/2020 8:08,TRUE,7/9/2020 8:08,2G_KLK020,,,
7706,,Major,7/9/2020 8:03,TRUE,7/9/2020 8:06,2G_KLK020,,,
7706,,Major,7/9/2020 8:03,TRUE,7/9/2020 8:03,2G_KLK020,,,
7706,,Major,7/9/2020 8:01,TRUE,7/9/2020 8:02,2G_KLK020,,,
7706,,Major,7/9/2020 7:59,TRUE,7/9/2020 8:00,2G_KLK020,,,
7706,,Major,7/9/2020 7:57,TRUE,7/9/2020 7:58,2G_KLK020,,,
7706,,Major,7/9/2020 7:55,TRUE,7/9/2020 7:56,2G_KLK020,,,
7706,,Major,7/9/2020 7:53,TRUE,7/9/2020 7:54,2G_KLK020,,,
7706,,Major,7/9/2020 7:51,TRUE,7/9/2020 7:52,2G_KLK020,,,
7706,,Major,7/9/2020 7:49,TRUE,7/9/2020 7:50,2G_KLK020,,,
7706,,Major,7/9/2020 7:48,TRUE,7/9/2020 7:48,2G_KLK020,,,
7706,,Major,7/9/2020 7:45,TRUE,7/9/2020 7:47,2G_KLK020,,,
7706,,Major,7/9/2020 7:43,TRUE,7/9/2020 7:44,2G_KLK020,,,
7706,,Major,7/9/2020 7:41,TRUE,7/9/2020 7:42,2G_KLK020,,,
7706,,Major,7/9/2020 7:40,TRUE,7/9/2020 7:40,2G_KLK020,,,
7706,,Major,7/9/2020 7:39,TRUE,7/9/2020 7:39,2G_KLK020,,,
7706,,Major,7/9/2020 7:37,TRUE,7/9/2020 7:38,2G_KLK020,,,
7706,,Major,7/9/2020 7:35,TRUE,7/9/2020 7:36,2G_KLK020,,,
7706,,Major,7/9/2020 7:33,TRUE,7/9/2020 7:34,2G_KLK020,,,
7706,,Major,7/9/2020 7:31,TRUE,7/9/2020 7:32,2G_KLK020,,,
7706,,Major,7/9/2020 7:30,TRUE,7/9/2020 7:31,2G_KLK020,,,
7706,,Major,7/9/2020 7:28,TRUE,7/9/2020 7:29,2G_KLK020,,,
7706,,Major,7/9/2020 7:28,FALSE,,2G_KLK046,,,
7706,,Major,7/9/2020 7:26,TRUE,7/9/2020 7:28,2G_KLK020,,,
7706,,Major,7/9/2020 7:25,TRUE,7/9/2020 7:25,2G_KLK020,,,
7706,,Major,7/9/2020 7:24,TRUE,7/9/2020 7:24,2G_KLK020,,,
7706,,Major,7/9/2020 7:23,TRUE,7/9/2020 7:23,2G_KLK020,,,
7786,,Major,7/9/2020 7:20,TRUE,7/9/2020 7:20,3G_ZG004,,,
7706,,Major,7/9/2020 7:19,TRUE,7/9/2020 7:20,2G_KLK020,,,
7706,,Major,7/9/2020 7:17,TRUE,7/9/2020 7:18,2G_KLK020,,,
7706,,Major,7/9/2020 7:15,TRUE,7/9/2020 7:17,2G_KLK020,,,
7706,,Major,7/9/2020 7:13,TRUE,7/9/2020 7:14,2G_KLK020,,,
7706,,Major,7/9/2020 7:11,TRUE,7/9/2020 7:13,2G_KLK020,,,
7706,,Major,7/9/2020 7:11,TRUE,7/9/2020 7:11,2G_KLK020,,,
7706,,Major,7/9/2020 7:10,TRUE,7/9/2020 7:10,2G_KLK020,,,
7706,,Major,7/9/2020 7:07,TRUE,7/9/2020 7:09,2G_KLK020,,,
7706,,Major,7/9/2020 7:05,TRUE,7/9/2020 7:06,2G_KLK020,,,
7786,,Major,7/9/2020 7:03,TRUE,7/9/2020 7:04,3G_ZG051,,,
7706,,Major,7/9/2020 7:02,TRUE,7/9/2020 7:04,2G_KLK020,,,
7706,,Major,7/9/2020 7:01,TRUE,7/9/2020 7:01,2G_KLK020,,,
7706,,Major,7/9/2020 6:58,TRUE,7/9/2020 7:00,2G_KLK020,,,
7706,,Major,7/9/2020 6:56,TRUE,7/9/2020 6:57,2G_KLK020,,,
7706,,Major,7/9/2020 6:54,TRUE,7/9/2020 6:55,2G_KLK020,,,
7706,,Major,7/9/2020 6:53,TRUE,7/9/2020 6:54,2G_KLK020,,,
7706,,Major,7/9/2020 6:52,TRUE,7/9/2020 6:52,2G_KLK020,,,
7706,,Major,7/9/2020 6:51,TRUE,7/9/2020 6:51,2G_KLK020,,,
7706,,Major,7/9/2020 6:49,TRUE,7/9/2020 6:50,2G_KLK020,,,
7706,,Major,7/9/2020 6:47,TRUE,7/9/2020 6:49,2G_KLK020,,,
7706,,Major,7/9/2020 6:44,TRUE,7/9/2020 6:44,2G_KLK020,,,
7706,,Major,7/9/2020 6:42,TRUE,7/9/2020 6:43,2G_KLK020,,,
7706,,Major,7/9/2020 6:40,TRUE,7/9/2020 6:41,2G_KLK020,,,
7706,,Major,7/9/2020 6:39,TRUE,7/9/2020 6:39,2G_KLK020,,,
7706,,Major,7/9/2020 6:35,TRUE,7/9/2020 6:35,2G_KLK048,,,
7706,,Major,7/9/2020 6:30,TRUE,7/9/2020 6:30,2G_KLK020,,,
7706,,Major,7/9/2020 6:28,TRUE,7/9/2020 6:29,2G_KLK020,,,
7706,,Major,7/9/2020 6:25,TRUE,7/9/2020 6:27,2G_KLK020,,,
7706,,Major,7/9/2020 6:23,TRUE,7/9/2020 6:23,2G_KLK020,,,
7706,,Major,7/9/2020 6:21,TRUE,7/9/2020 6:22,2G_KLK020,,,
7706,,Major,7/9/2020 6:15,TRUE,7/9/2020 6:16,2G_KLK020,,,
7706,,Major,7/9/2020 6:13,TRUE,7/9/2020 6:13,2G_KLK020,,,
7706,,Major,7/9/2020 6:11,TRUE,7/9/2020 6:12,2G_KLK020,,,
7706,,Major,7/9/2020 6:10,TRUE,7/9/2020 6:10,2G_KLK020,,,
7706,,Major,7/9/2020 6:08,TRUE,7/9/2020 6:09,2G_KLK020,,,
7706,,Major,7/9/2020 6:07,TRUE,7/9/2020 6:08,2G_KLK020,,,
7706,,Major,7/9/2020 6:06,TRUE,7/9/2020 6:06,2G_KLK020,,,
7706,,Major,7/9/2020 6:05,TRUE,7/9/2020 6:05,2G_KLK020,,,
7706,,Major,7/9/2020 6:03,TRUE,7/9/2020 6:04,2G_KLK020,,,
7706,,Major,7/9/2020 5:59,TRUE,7/9/2020 6:00,2G_KLK020,,,
7706,,Major,7/9/2020 5:55,TRUE,7/9/2020 5:56,2G_KLK020,,,
7786,,Major,7/9/2020 5:54,TRUE,7/9/2020 5:55,3G_ZG002,,,
7786,,Major,7/9/2020 5:54,TRUE,7/9/2020 5:55,3G_ZG052,,,
7706,,Major,7/9/2020 5:51,TRUE,7/9/2020 5:52,2G_KLK020,,,
7706,,Major,7/9/2020 5:47,TRUE,7/9/2020 5:48,2G_KLK020,,,
7706,,Major,7/9/2020 5:45,TRUE,7/9/2020 5:47,2G_KLK020,,,
7706,,Major,7/9/2020 5:44,TRUE,7/9/2020 5:45,2G_KLK020,,,
7706,,Major,7/9/2020 5:42,TRUE,7/9/2020 5:43,2G_KLK020,,,
7706,,Major,7/9/2020 5:40,TRUE,7/9/2020 5:41,2G_KLK020,,,
7706,,Major,7/9/2020 5:39,TRUE,7/9/2020 5:39,2G_KLK020,,,
7786,,Major,7/9/2020 5:38,TRUE,7/9/2020 5:38,3G_ZG004,,,
7786,,Major,7/9/2020 5:37,TRUE,7/9/2020 5:38,3G_ZG052,,,
7786,,Major,7/9/2020 5:37,TRUE,7/9/2020 5:37,3G_ZG004,,,
7786,,Major,7/9/2020 5:36,TRUE,7/9/2020 5:38,3G_ZG002,,,
7786,,Major,7/9/2020 5:36,TRUE,7/9/2020 5:38,3G_ZG051,,,
7786,,Major,7/9/2020 5:36,TRUE,7/9/2020 5:38,3G_ZG050,,,
7786,,Major,7/9/2020 5:36,TRUE,7/9/2020 5:38,3G_ZG001,,,
7706,,Major,7/9/2020 5:32,TRUE,7/9/2020 5:32,2G_KLK020,,,
7706,,Major,7/9/2020 5:27,TRUE,7/9/2020 5:28,2G_KLK020,,,
7706,,Major,7/9/2020 5:25,TRUE,7/9/2020 5:26,2G_KLK020,,,
7706,,Major,7/9/2020 5:23,TRUE,7/9/2020 5:23,2G_KLK020,,,
7786,,Major,7/9/2020 5:21,TRUE,7/9/2020 5:22,3G_ZG004,,,
7786,,Major,7/9/2020 5:21,TRUE,7/9/2020 5:22,3G_ZG052,,,
7786,,Major,7/9/2020 5:21,TRUE,7/9/2020 5:22,3G_ZG050,,,
7786,,Major,7/9/2020 5:21,TRUE,7/9/2020 5:22,3G_ZG051,,,
7706,,Major,7/9/2020 5:21,TRUE,7/9/2020 5:22,2G_KLK020,,,
7706,,Major,7/9/2020 5:19,TRUE,7/9/2020 5:20,2G_KLK020,,,
7706,,Major,7/9/2020 5:16,TRUE,7/9/2020 5:16,2G_KLK020,,,
7786,,Major,7/9/2020 5:10,TRUE,7/9/2020 5:11,3G_ZG051,,,
7786,,Major,7/9/2020 5:10,TRUE,7/9/2020 5:11,3G_ZG052,,,
7786,,Major,7/9/2020 5:10,TRUE,7/9/2020 5:11,3G_ZG001,,,
7786,,Major,7/9/2020 5:10,TRUE,7/9/2020 5:11,3G_ZG002,,,
7786,,Major,7/9/2020 5:10,TRUE,7/9/2020 5:11,3G_ZG050,,,
7786,,Major,7/9/2020 5:10,TRUE,7/9/2020 5:11,3G_ZG004,,,
7706,,Major,7/9/2020 5:03,TRUE,7/9/2020 5:03,2G_KLK020,,,
7786,,Major,7/9/2020 4:59,TRUE,7/9/2020 5:00,3G_ZG002,,,
7786,,Major,7/9/2020 4:59,TRUE,7/9/2020 5:00,3G_ZG052,,,
7786,,Major,7/9/2020 4:59,TRUE,7/9/2020 5:00,3G_ZG050,,,
7786,,Major,7/9/2020 4:59,TRUE,7/9/2020 5:00,3G_ZG051,,,
7706,,Major,7/9/2020 4:58,TRUE,7/9/2020 4:59,2G_KLK020,,,
7706,,Major,7/9/2020 4:55,TRUE,7/9/2020 4:56,2G_KLK020,,,
7786,,Major,7/9/2020 4:53,TRUE,7/9/2020 4:54,3G_ZG004,,,
7786,,Major,7/9/2020 4:53,TRUE,7/9/2020 4:54,3G_ZG002,,,
7786,,Major,7/9/2020 4:53,TRUE,7/9/2020 4:54,3G_ZG001,,,
7786,,Major,7/9/2020 4:53,TRUE,7/9/2020 4:54,3G_ZG051,,,
7786,,Major,7/9/2020 4:53,TRUE,7/9/2020 4:54,3G_ZG052,,,
7786,,Major,7/9/2020 4:53,TRUE,7/9/2020 4:54,3G_ZG050,,,
7706,,Major,7/9/2020 4:49,TRUE,7/9/2020 4:53,2G_KLK020,,,
7706,,Major,7/9/2020 4:47,TRUE,7/9/2020 4:48,2G_KLK020,,,
7706,,Major,7/9/2020 4:45,TRUE,7/9/2020 4:45,2G_KLK020,,,
7706,,Major,7/9/2020 4:44,TRUE,7/9/2020 4:44,2G_KLK020,,,
7706,,Major,7/9/2020 4:41,TRUE,7/9/2020 4:42,2G_KLK020,,,
7706,,Major,7/9/2020 4:40,TRUE,7/9/2020 4:41,2G_KLK020,,,
7706,,Major,7/9/2020 4:39,TRUE,7/9/2020 4:40,2G_KLK020,,,
7706,,Major,7/9/2020 4:36,TRUE,7/9/2020 4:38,2G_KLK020,,,
7706,,Major,7/9/2020 4:32,TRUE,7/9/2020 4:33,2G_KLK020,,,
7706,,Major,7/9/2020 4:30,TRUE,7/9/2020 4:31,2G_KLK020,,,
7706,,Major,7/9/2020 4:28,TRUE,7/9/2020 4:29,2G_KLK020,,,
7706,,Major,7/9/2020 4:26,TRUE,7/9/2020 4:26,2G_KLK020,,,
7706,,Major,7/9/2020 4:22,TRUE,7/9/2020 4:22,2G_KLK020,,,
7706,,Major,7/9/2020 4:16,TRUE,7/9/2020 4:18,2G_KLK020,,,
7706,,Major,7/9/2020 4:15,TRUE,7/9/2020 4:15,2G_KLK020,,,
7706,,Major,7/9/2020 4:11,TRUE,7/9/2020 4:11,2G_ZG051,,,
7706,,Major,7/9/2020 4:11,TRUE,7/9/2020 4:11,2G_ZG028,,,
7706,,Major,7/9/2020 4:11,TRUE,7/9/2020 4:11,2G_ZG004,,,
7706,,Major,7/9/2020 4:11,TRUE,7/9/2020 4:11,2G_ZG050,,,
7706,,Major,7/9/2020 4:11,TRUE,7/9/2020 4:11,2G_ZG002,,,
7786,,Major,7/9/2020 4:10,TRUE,7/9/2020 4:11,3G_ZG050,,,
7706,,Major,7/9/2020 4:07,TRUE,7/9/2020 4:09,2G_KLK020,,,
7706,,Major,7/9/2020 4:05,TRUE,7/9/2020 4:07,2G_KLK020,,,
7706,,Major,7/9/2020 4:04,TRUE,7/9/2020 4:04,2G_KLK020,,,
7706,,Major,7/9/2020 4:01,TRUE,7/9/2020 4:02,2G_KLK020,,,
7706,,Major,7/9/2020 3:59,TRUE,7/9/2020 4:00,2G_KLK020,,,
7706,,Major,7/9/2020 3:58,TRUE,7/9/2020 3:58,2G_KLK020,,,
7706,,Major,7/9/2020 3:56,TRUE,7/9/2020 3:57,2G_KLK020,,,
7706,,Major,7/9/2020 3:53,TRUE,7/9/2020 3:54,2G_KLK020,,,
7706,,Major,7/9/2020 3:52,TRUE,7/9/2020 3:52,2G_KLK020,,,
7706,,Major,7/9/2020 3:47,TRUE,7/9/2020 3:50,2G_KLK020,,,
7706,,Major,7/9/2020 3:45,TRUE,7/9/2020 3:46,2G_KLK020,,,
7706,,Major,7/9/2020 3:44,TRUE,7/9/2020 3:45,2G_KLK020,,,
7706,,Major,7/9/2020 3:42,TRUE,7/9/2020 3:43,2G_KLK020,,,
7706,,Major,7/9/2020 3:36,TRUE,7/9/2020 3:38,2G_KLK020,,,
7706,,Major,7/9/2020 3:34,TRUE,7/9/2020 3:35,2G_KLK020,,,
7706,,Major,7/9/2020 3:32,TRUE,7/9/2020 3:33,2G_KLK020,,,
7706,,Major,7/9/2020 3:28,TRUE,7/9/2020 3:31,2G_KLK020,,,
7706,,Major,7/9/2020 3:27,TRUE,7/9/2020 3:27,2G_KLK020,,,
7706,,Major,7/9/2020 3:26,TRUE,7/9/2020 3:26,2G_KLK020,,,
7706,,Major,7/9/2020 3:23,TRUE,7/9/2020 3:25,2G_KLK020,,,
7706,,Major,7/9/2020 3:22,TRUE,7/9/2020 3:22,2G_KLK020,,,
7786,,Major,7/9/2020 3:21,TRUE,7/9/2020 3:22,3G_ZG004,,,
7786,,Major,7/9/2020 3:21,TRUE,7/9/2020 3:22,3G_ZG002,,,
7786,,Major,7/9/2020 3:21,TRUE,7/9/2020 3:22,3G_ZG050,,,
7786,,Major,7/9/2020 3:21,TRUE,7/9/2020 3:22,3G_ZG052,,,
7706,,Major,7/9/2020 3:20,TRUE,7/9/2020 3:21,2G_KLK020,,,
7706,,Major,7/9/2020 3:18,TRUE,7/9/2020 3:19,2G_KLK020,,,
7706,,Major,7/9/2020 3:16,TRUE,7/9/2020 3:17,2G_KLK020,,,
7706,,Major,7/9/2020 3:12,TRUE,7/9/2020 3:13,2G_KLK020,,,
7706,,Major,7/9/2020 3:11,TRUE,7/9/2020 3:12,2G_KLK020,,,
7706,,Major,7/9/2020 3:10,TRUE,7/9/2020 3:10,2G_KLK020,,,
7706,,Major,7/9/2020 3:07,TRUE,7/9/2020 3:09,2G_KLK020,,,
7706,,Major,7/9/2020 3:06,TRUE,7/9/2020 3:06,2G_KLK020,,,
7706,,Major,7/9/2020 3:04,TRUE,7/9/2020 3:05,2G_KLK020,,,
7706,,Major,7/9/2020 3:03,TRUE,7/9/2020 3:03,2G_KLK020,,,
7706,,Major,7/9/2020 3:00,TRUE,7/9/2020 3:01,2G_KLK020,,,
7706,,Major,7/9/2020 2:59,TRUE,7/9/2020 3:00,2G_KLK020,,,
7706,,Major,7/9/2020 2:58,TRUE,7/9/2020 2:59,2G_KLK020,,,
7706,,Major,7/9/2020 2:57,TRUE,7/9/2020 2:57,2G_KLK020,,,
7706,,Major,7/9/2020 2:54,TRUE,7/9/2020 2:56,2G_KLK020,,,
7706,,Major,7/9/2020 2:53,TRUE,7/9/2020 2:53,2G_KLK020,,,
7706,,Major,7/9/2020 2:51,TRUE,7/9/2020 2:52,2G_KLK020,,,
7706,,Major,7/9/2020 2:47,TRUE,7/9/2020 2:48,2G_KLK020,,,
7706,,Major,7/9/2020 2:46,TRUE,7/9/2020 2:46,2G_KLK020,,,
7706,,Major,7/9/2020 2:45,TRUE,7/9/2020 2:45,2G_KLK020,,,
7706,,Major,7/9/2020 2:43,TRUE,7/9/2020 2:43,2G_KLK020,,,
7786,,Major,7/9/2020 2:41,TRUE,7/9/2020 2:42,3G_ZG002,,,
7706,,Major,7/9/2020 2:40,TRUE,7/9/2020 2:42,2G_KLK020,,,
7706,,Major,7/9/2020 2:39,TRUE,7/9/2020 2:40,2G_KLK020,,,
7706,,Major,7/9/2020 2:38,TRUE,7/9/2020 2:38,2G_KLK020,,,
7706,,Major,7/9/2020 2:36,TRUE,7/9/2020 2:37,2G_KLK020,,,
7706,,Major,7/9/2020 2:35,TRUE,7/9/2020 2:35,2G_KLK020,,,
7706,,Major,7/9/2020 2:33,TRUE,7/9/2020 2:34,2G_KLK020,,,
7706,,Major,7/9/2020 2:32,TRUE,7/9/2020 2:33,2G_KLK020,,,
7706,,Major,7/9/2020 2:29,TRUE,7/9/2020 2:31,2G_KLK020,,,
7706,,Major,7/9/2020 2:27,TRUE,7/9/2020 2:28,2G_KLK020,,,
7706,,Major,7/9/2020 2:25,TRUE,7/9/2020 2:26,2G_KLK020,,,
7786,,Major,7/9/2020 2:25,TRUE,7/9/2020 2:25,3G_ZG002,,,
7786,,Major,7/9/2020 2:25,TRUE,7/9/2020 2:25,3G_ZG051,,,
7786,,Major,7/9/2020 2:25,TRUE,7/9/2020 2:25,3G_ZG004,,,
7786,,Major,7/9/2020 2:25,TRUE,7/9/2020 2:25,3G_ZG052,,,
7706,,Major,7/9/2020 2:24,TRUE,7/9/2020 2:24,2G_KLK020,,,
7706,,Major,7/9/2020 2:22,TRUE,7/9/2020 2:23,2G_KLK020,,,
7706,,Major,7/9/2020 2:20,TRUE,7/9/2020 2:21,2G_KLK020,,,
7706,,Major,7/9/2020 2:17,TRUE,7/9/2020 2:18,2G_KLK020,,,
7706,,Major,7/9/2020 2:15,TRUE,7/9/2020 2:15,2G_KLK020,,,
7706,,Major,7/9/2020 2:13,TRUE,7/9/2020 2:14,2G_KLK020,,,
7786,,Major,7/9/2020 2:12,TRUE,7/9/2020 2:13,3G_ZG004,,,
7706,,Major,7/9/2020 2:10,TRUE,7/9/2020 2:10,2G_KLK020,,,
7706,,Major,7/9/2020 2:07,TRUE,7/9/2020 2:08,2G_KLK020,,,
7706,,Major,7/9/2020 2:05,TRUE,7/9/2020 2:06,2G_KLK020,,,
7706,,Major,7/9/2020 2:03,TRUE,7/9/2020 2:05,2G_KLK020,,,
7706,,Major,7/9/2020 2:01,TRUE,7/9/2020 2:02,2G_KLK020,,,
7706,,Major,7/9/2020 1:59,TRUE,7/9/2020 2:00,2G_KLK020,,,
7706,,Major,7/9/2020 1:57,TRUE,7/9/2020 1:59,2G_KLK020,,,
7706,,Major,7/9/2020 1:52,TRUE,7/9/2020 1:53,2G_KLK020,,,
7706,,Major,7/9/2020 1:48,TRUE,7/9/2020 1:50,2G_KLK020,,,
7706,,Major,7/9/2020 1:46,TRUE,7/9/2020 1:48,2G_KLK020,,,
7706,,Major,7/9/2020 1:45,TRUE,7/9/2020 1:46,2G_KLK020,,,
7706,,Major,7/9/2020 1:43,TRUE,7/9/2020 1:44,2G_KLK020,,,
7706,,Major,7/9/2020 1:41,TRUE,7/9/2020 1:42,2G_KLK020,,,
7706,,Major,7/9/2020 1:39,TRUE,7/9/2020 1:40,2G_KLK020,,,
7706,,Major,7/9/2020 1:38,TRUE,7/9/2020 1:38,2G_KLK020,,,
7706,,Major,7/9/2020 1:37,TRUE,7/9/2020 1:37,2G_KLK020,,,
7706,,Major,7/9/2020 1:33,TRUE,7/9/2020 1:35,2G_KLK020,,,
7706,,Major,7/9/2020 1:31,TRUE,7/9/2020 1:31,2G_KLK020,,,
7706,,Major,7/9/2020 1:29,TRUE,7/9/2020 1:30,2G_KLK020,,,
7706,,Major,7/9/2020 1:27,TRUE,7/9/2020 1:28,2G_KLK020,,,
7706,,Major,7/9/2020 1:25,TRUE,7/9/2020 1:26,2G_KLK020,,,
7706,,Major,7/9/2020 1:23,TRUE,7/9/2020 1:24,2G_KLK020,,,
7706,,Major,7/9/2020 1:20,TRUE,7/9/2020 1:22,2G_KLK020,,,
7706,,Major,7/9/2020 1:15,TRUE,7/9/2020 1:18,2G_KLK020,,,
7706,,Major,7/9/2020 1:14,TRUE,7/9/2020 1:15,2G_KLK020,,,
7706,,Major,7/9/2020 1:12,TRUE,7/9/2020 1:13,2G_KLK020,,,
7706,,Major,7/9/2020 1:10,TRUE,7/9/2020 1:11,2G_KLK020,,,
7706,,Major,7/9/2020 1:08,TRUE,7/9/2020 1:08,2G_KLK020,,,
7706,,Major,7/9/2020 1:06,TRUE,7/9/2020 1:08,2G_KLK020,,,
7706,,Major,7/9/2020 1:05,TRUE,7/9/2020 1:05,2G_KLK020,,,
7706,,Major,7/9/2020 1:04,TRUE,7/9/2020 1:05,2G_KLK020,,,
7706,,Major,7/9/2020 1:03,TRUE,7/9/2020 1:03,2G_KLK020,,,
7706,,Major,7/9/2020 1:03,TRUE,7/9/2020 1:03,2G_KLK048,,,
7706,,Major,7/9/2020 1:01,TRUE,7/9/2020 1:02,2G_KLK020,,,
7706,,Major,7/9/2020 0:59,TRUE,7/9/2020 1:00,2G_KLK020,,,
7706,,Major,7/9/2020 0:57,TRUE,7/9/2020 0:59,2G_KLK020,,,
7706,,Major,7/9/2020 0:56,TRUE,7/9/2020 0:57,2G_KLK020,,,
7706,,Major,7/9/2020 0:55,TRUE,7/9/2020 0:55,2G_KLK020,,,
7706,,Major,7/9/2020 0:52,TRUE,7/9/2020 0:54,2G_KLK020,,,
7706,,Major,7/9/2020 0:49,TRUE,7/9/2020 0:50,2G_KLK020,,,
7706,,Major,7/9/2020 0:45,TRUE,7/9/2020 0:45,2G_KLK020,,,
7706,,Major,7/9/2020 0:43,TRUE,7/9/2020 0:44,2G_KLK020,,,
7706,,Major,7/9/2020 0:40,TRUE,7/9/2020 0:41,2G_KLK020,,,
7706,,Major,7/9/2020 0:38,TRUE,7/9/2020 0:38,2G_KLK047,,,
7706,,Major,7/9/2020 0:37,TRUE,7/9/2020 0:38,2G_KLK020,,,
7706,,Major,7/9/2020 0:36,TRUE,7/9/2020 0:36,2G_KLK020,,,
7706,,Major,7/9/2020 0:35,TRUE,7/9/2020 0:36,2G_KLK048,,,
7706,,Major,7/9/2020 0:33,TRUE,7/9/2020 0:35,2G_KLK020,,,
7706,,Major,7/9/2020 0:32,TRUE,7/9/2020 0:32,2G_KLK020,,,
7706,,Major,7/9/2020 0:30,TRUE,7/9/2020 0:30,2G_KLK020,,,
7706,,Major,7/9/2020 0:27,TRUE,7/9/2020 0:27,2G_KLK020,,,
7706,,Major,7/9/2020 0:24,TRUE,7/9/2020 0:25,2G_KLK020,,,
7706,,Major,7/9/2020 0:21,TRUE,7/9/2020 0:24,2G_KLK020,,,
7706,,Major,7/9/2020 0:20,TRUE,7/9/2020 0:21,2G_KLK020,,,
7706,,Major,7/9/2020 0:19,TRUE,7/9/2020 0:19,2G_ZG028,,,
7706,,Major,7/9/2020 0:19,TRUE,7/9/2020 0:19,2G_ZG052,,,
7706,,Major,7/9/2020 0:19,TRUE,7/9/2020 0:19,2G_ZG004,,,
7706,,Major,7/9/2020 0:19,TRUE,7/9/2020 0:19,2G_ZG050,,,
7706,,Major,7/9/2020 0:19,TRUE,7/9/2020 0:19,2G_ZG001,,,
7706,,Major,7/9/2020 0:17,TRUE,7/9/2020 0:19,2G_KLK020,,,
7706,,Major,7/9/2020 0:15,TRUE,7/9/2020 0:16,2G_KLK020,,,
7706,,Major,7/9/2020 0:14,TRUE,7/9/2020 0:14,2G_KLK020,,,
7706,,Major,7/9/2020 0:13,TRUE,7/9/2020 0:13,2G_KLK048,,,
7706,,Major,7/9/2020 0:13,TRUE,7/9/2020 0:13,2G_KLK047,,,
7706,,Major,7/9/2020 0:12,TRUE,7/9/2020 0:12,2G_KLK047,,,
7706,,Major,7/9/2020 0:11,TRUE,7/9/2020 0:11,2G_KLK020,,,
7706,,Major,7/9/2020 0:11,TRUE,7/9/2020 0:11,2G_KLK048,,,
7706,,Major,7/9/2020 0:10,TRUE,7/9/2020 0:10,2G_KLK020,,,
7706,,Major,7/9/2020 0:08,TRUE,7/9/2020 0:08,2G_KLK020,,,
7706,,Major,7/9/2020 0:06,TRUE,7/9/2020 0:07,2G_KLK020,,,
7706,,Major,7/9/2020 0:06,TRUE,7/9/2020 0:06,2G_KLK020,,,
7706,,Major,7/9/2020 0:01,TRUE,7/9/2020 0:04,2G_KLK020,,,
7706,,Major,7/8/2020 23:58,TRUE,7/8/2020 23:58,2G_ZG052,,,
7706,,Major,7/8/2020 23:58,TRUE,7/8/2020 23:59,2G_ZG001,,,
7706,,Major,7/8/2020 23:58,TRUE,7/8/2020 23:58,2G_ZG028,,,
7706,,Major,7/8/2020 23:58,TRUE,7/9/2020 0:00,2G_KLK020,,,
7706,,Major,7/8/2020 23:55,TRUE,7/8/2020 23:57,2G_KLK020,,,
7706,,Major,7/8/2020 23:55,TRUE,7/8/2020 23:56,2G_KLK047,,,
7706,,Major,7/8/2020 23:55,TRUE,7/8/2020 23:55,2G_KLK048,,,
7706,,Major,7/8/2020 23:54,TRUE,7/8/2020 23:54,2G_KLK020,,,
7706,,Major,7/8/2020 23:53,TRUE,7/8/2020 23:53,2G_KLK020,,,
7706,,Major,7/8/2020 23:51,TRUE,7/8/2020 23:52,2G_KLK020,,,
7706,,Major,7/8/2020 23:48,TRUE,7/8/2020 23:48,2G_KLK047,,,
7706,,Major,7/8/2020 23:48,TRUE,7/8/2020 23:50,2G_KLK020,,,
7706,,Major,7/8/2020 23:48,TRUE,7/8/2020 23:48,2G_KLK048,,,
7706,,Major,7/8/2020 23:46,TRUE,7/8/2020 23:47,2G_KLK020,,,
7706,,Major,7/8/2020 23:46,TRUE,7/8/2020 23:46,2G_KLK036,,,
7706,,Major,7/8/2020 23:44,TRUE,7/8/2020 23:46,2G_KLK020,,,
7706,,Major,7/8/2020 23:42,TRUE,7/8/2020 23:44,2G_KLK020,,,
7706,,Major,7/8/2020 23:41,TRUE,7/8/2020 23:41,2G_KLK020,,,
7706,,Major,7/8/2020 23:39,TRUE,7/8/2020 23:40,2G_KLK020,,,
7706,,Major,7/8/2020 23:35,TRUE,7/8/2020 23:37,2G_KLK020,,,
7706,,Major,7/8/2020 23:32,TRUE,7/8/2020 23:32,2G_KLK047,,,
7706,,Major,7/8/2020 23:30,TRUE,7/8/2020 23:30,2G_KLK036,,,
7706,,Major,7/8/2020 23:29,TRUE,7/8/2020 23:30,2G_KLK020,,,
7706,,Major,7/8/2020 23:27,TRUE,7/8/2020 23:27,2G_KLK048,,,
7706,,Major,7/8/2020 23:24,TRUE,7/8/2020 23:24,2G_KLK020,,,
7706,,Major,7/8/2020 23:23,TRUE,7/8/2020 23:25,2G_KLK047,,,
7706,,Major,7/8/2020 23:23,TRUE,7/8/2020 23:24,2G_KLK036,,,
7706,,Major,7/8/2020 23:23,TRUE,7/8/2020 23:24,2G_KLK048,,,
7706,,Major,7/8/2020 23:21,TRUE,7/8/2020 23:23,2G_KLK020,,,
7706,,Major,7/8/2020 23:18,TRUE,7/8/2020 23:18,2G_KLK036,,,
7706,,Major,7/8/2020 23:18,TRUE,7/8/2020 23:18,2G_KLK048,,,
7706,,Major,7/8/2020 23:16,TRUE,7/8/2020 23:16,2G_KLK036,,,
7706,,Major,7/8/2020 23:12,TRUE,7/8/2020 23:16,2G_KLK020,,,
7706,,Major,7/8/2020 23:09,TRUE,7/8/2020 23:11,2G_KLK020,,,
7706,,Major,7/8/2020 23:04,TRUE,7/8/2020 23:05,2G_KLK020,,,
7706,,Major,7/8/2020 23:01,TRUE,7/8/2020 23:03,2G_KLK020,,,
7706,,Major,7/8/2020 22:59,TRUE,7/8/2020 23:01,2G_KLK020,,,
7706,,Major,7/8/2020 22:58,TRUE,7/8/2020 22:58,2G_KLK020,,,
7706,,Major,7/8/2020 22:57,TRUE,7/8/2020 22:58,2G_KLK020,,,
7706,,Major,7/8/2020 22:56,TRUE,7/8/2020 22:56,2G_KLK047,,,
7706,,Major,7/8/2020 22:55,TRUE,7/8/2020 22:56,2G_KLK020,,,
7706,,Major,7/8/2020 22:51,TRUE,7/8/2020 22:54,2G_KLK020,,,
7706,,Major,7/8/2020 22:49,TRUE,7/8/2020 22:49,2G_KLK048,,,
7706,,Major,7/8/2020 22:49,TRUE,7/8/2020 22:49,2G_KLK036,,,
7706,,Major,7/8/2020 22:48,TRUE,7/8/2020 22:50,2G_KLK020,,,
7706,,Major,7/8/2020 22:46,TRUE,7/8/2020 22:47,2G_KLK020,,,
7706,,Major,7/8/2020 22:43,TRUE,7/8/2020 22:43,2G_ZG050,,,
7706,,Major,7/8/2020 22:40,TRUE,7/8/2020 22:45,2G_KLK020,,,
7706,,Major,7/8/2020 22:38,TRUE,7/8/2020 22:39,2G_KLK020,,,
7706,,Major,7/8/2020 22:37,TRUE,7/8/2020 22:38,2G_KLK020,,,
7706,,Major,7/8/2020 22:30,TRUE,7/8/2020 22:32,2G_KLK020,,,
7706,,Major,7/8/2020 22:27,TRUE,7/8/2020 22:29,2G_KLK020,,,
7706,,Major,7/8/2020 22:26,TRUE,7/8/2020 22:26,2G_KLK020,,,
7706,,Major,7/8/2020 22:25,TRUE,7/8/2020 22:25,2G_KLK020,,,
7706,,Major,7/8/2020 22:22,TRUE,7/8/2020 22:24,2G_KLK020,,,
7706,,Major,7/8/2020 22:18,TRUE,7/8/2020 22:18,2G_KLK036,,,
7706,,Major,7/8/2020 22:14,TRUE,7/8/2020 22:14,2G_KLK036,,,
7706,,Major,7/8/2020 22:11,TRUE,7/8/2020 22:21,2G_KLK020,,,
7706,,Major,7/8/2020 22:11,TRUE,7/8/2020 22:11,2G_KLK036,,,
7706,,Major,7/8/2020 22:09,TRUE,7/8/2020 22:11,2G_KLK020,,,
7706,,Major,7/8/2020 22:01,TRUE,7/8/2020 22:01,2G_KLK020,,,
7706,,Major,7/8/2020 22:00,TRUE,7/8/2020 22:00,2G_KLK036,,,
7706,,Major,7/8/2020 21:58,TRUE,7/8/2020 21:58,2G_KLK036,,,
7706,,Major,7/8/2020 21:57,TRUE,7/8/2020 21:59,2G_KLK020,,,
7706,,Major,7/8/2020 21:55,TRUE,7/8/2020 21:55,2G_KLK047,,,
7706,,Major,7/8/2020 21:55,TRUE,7/8/2020 21:55,2G_KLK036,,,
7706,,Major,7/8/2020 21:54,TRUE,7/8/2020 21:54,2G_KLK020,,,
7706,,Major,7/8/2020 21:53,TRUE,7/8/2020 21:53,2G_KLK036,,,
7706,,Major,7/8/2020 21:53,TRUE,7/8/2020 21:53,2G_KLK047,,,
7706,,Major,7/8/2020 21:49,TRUE,7/8/2020 21:49,2G_KLK020,,,
7706,,Major,7/8/2020 21:46,TRUE,7/8/2020 21:47,2G_KLK036,,,
7706,,Major,7/8/2020 21:44,TRUE,7/8/2020 21:45,2G_KLK020,,,
7706,,Major,7/8/2020 21:42,TRUE,7/8/2020 21:43,2G_KLK020,,,
7706,,Major,7/8/2020 21:41,TRUE,7/8/2020 21:41,2G_KLK047,,,
7706,,Major,7/8/2020 21:38,TRUE,7/8/2020 21:38,2G_KLK036,,,
7706,,Major,7/8/2020 21:37,TRUE,7/8/2020 21:38,2G_KLK047,,,
7706,,Major,7/8/2020 21:35,TRUE,7/8/2020 21:35,2G_KLK036,,,
7706,,Major,7/8/2020 21:34,TRUE,7/8/2020 21:35,2G_KLK047,,,
7706,,Major,7/8/2020 21:34,TRUE,7/8/2020 21:34,2G_KLK048,,,
7706,,Major,7/8/2020 21:33,TRUE,7/8/2020 21:34,2G_KLK036,,,
7706,,Major,7/8/2020 21:33,TRUE,7/8/2020 21:37,2G_KLK020,,,
7706,,Major,7/8/2020 21:31,TRUE,7/8/2020 21:33,2G_KLK020,,,
7706,,Major,7/8/2020 21:30,TRUE,7/8/2020 21:30,2G_KLK047,,,
7706,,Major,7/8/2020 21:28,TRUE,7/8/2020 21:28,2G_KLK048,,,
7706,,Major,7/8/2020 21:27,TRUE,7/8/2020 21:31,2G_KLK020,,,
7706,,Major,7/8/2020 21:26,TRUE,7/8/2020 21:27,2G_KLK048,,,
7706,,Major,7/8/2020 21:24,TRUE,7/8/2020 21:25,2G_KLK047,,,
7706,,Major,7/8/2020 21:20,TRUE,7/8/2020 21:27,2G_KLK020,,,
7706,,Major,7/8/2020 21:19,TRUE,7/8/2020 21:19,2G_KLK036,,,
7706,,Major,7/8/2020 21:18,TRUE,7/8/2020 21:19,2G_KLK020,,,
7706,,Major,7/8/2020 21:17,TRUE,7/8/2020 21:17,2G_KLK047,,,
7706,,Major,7/8/2020 21:14,TRUE,7/8/2020 21:15,2G_KLK047,,,
7706,,Major,7/8/2020 21:14,TRUE,7/8/2020 21:15,2G_KLK020,,,
7706,,Major,7/8/2020 21:13,TRUE,7/8/2020 21:13,2G_ZG004,,,
7706,,Major,7/8/2020 21:13,TRUE,7/8/2020 21:13,2G_ZG050,,,
7706,,Major,7/8/2020 21:13,TRUE,7/8/2020 21:13,2G_ZG028,,,
7706,,Major,7/8/2020 21:11,TRUE,7/8/2020 21:13,2G_KLK020,,,
7706,,Major,7/8/2020 21:10,TRUE,7/8/2020 21:11,2G_KLK020,,,
7706,,Major,7/8/2020 21:09,TRUE,7/8/2020 21:09,2G_KLK020,,,
7706,,Major,7/8/2020 21:07,TRUE,7/8/2020 21:08,2G_KLK048,,,
7706,,Major,7/8/2020 21:06,TRUE,7/8/2020 21:08,2G_KLK020,,,
7706,,Major,7/8/2020 21:06,TRUE,7/8/2020 21:06,2G_KLK047,,,
7706,,Major,7/8/2020 21:06,TRUE,7/8/2020 21:06,2G_KLK020,,,
7706,,Major,7/8/2020 21:03,TRUE,7/8/2020 21:04,2G_KLK048,,,
7706,,Major,7/8/2020 21:03,TRUE,7/8/2020 21:05,2G_KLK020,,,
7706,,Major,7/8/2020 21:02,TRUE,7/8/2020 21:02,2G_KLK047,,,
7706,,Major,7/8/2020 20:59,TRUE,7/8/2020 20:59,2G_KLK048,,,
7706,,Major,7/8/2020 20:56,TRUE,7/8/2020 21:02,2G_KLK020,,,
7706,,Major,7/8/2020 20:55,TRUE,7/8/2020 20:55,2G_KLK036,,,
7706,,Major,7/8/2020 20:53,TRUE,7/8/2020 20:53,2G_KLK036,,,
7706,,Major,7/8/2020 20:53,TRUE,7/8/2020 20:54,2G_KLK020,,,
7706,,Major,7/8/2020 20:51,TRUE,7/8/2020 20:52,2G_KLK020,,,
7706,,Major,7/8/2020 20:50,TRUE,7/8/2020 20:51,2G_KLK047,,,
7706,,Major,7/8/2020 20:50,TRUE,7/8/2020 20:50,2G_KLK020,,,
7706,,Major,7/8/2020 20:49,TRUE,7/8/2020 20:49,2G_KLK036,,,
7706,,Major,7/8/2020 20:48,TRUE,7/8/2020 20:49,2G_KLK020,,,
7706,,Major,7/8/2020 20:48,TRUE,7/8/2020 20:48,2G_KLK048,,,
7706,,Major,7/8/2020 20:48,TRUE,7/8/2020 20:48,2G_KLK047,,,
7706,,Major,7/8/2020 20:47,TRUE,7/8/2020 20:48,2G_KLK020,,,
7706,,Major,7/8/2020 20:46,TRUE,7/8/2020 20:46,2G_KLK020,,,
7706,,Major,7/8/2020 20:45,TRUE,7/8/2020 20:46,2G_KLK048,,,
7706,,Major,7/8/2020 20:44,TRUE,7/8/2020 20:45,2G_KLK020,,,
7706,,Major,7/8/2020 20:43,TRUE,7/8/2020 20:44,2G_KLK020,,,
7706,,Major,7/8/2020 20:42,TRUE,7/8/2020 20:42,2G_KLK020,,,
7706,,Major,7/8/2020 20:40,TRUE,7/8/2020 20:41,2G_KLK020,,,
7706,,Major,7/8/2020 20:38,TRUE,7/8/2020 20:39,2G_KLK020,,,
7706,,Major,7/8/2020 20:37,TRUE,7/8/2020 20:37,2G_KLK036,,,
7706,,Major,7/8/2020 20:36,TRUE,7/8/2020 20:36,2G_KLK020,,,
7706,,Major,7/8/2020 20:35,TRUE,7/8/2020 20:35,2G_KLK020,,,
7706,,Major,7/8/2020 20:30,TRUE,7/8/2020 20:31,2G_KLK020,,,
7706,,Major,7/8/2020 20:27,TRUE,7/8/2020 20:28,2G_KLK047,,,
7706,,Major,7/8/2020 20:27,TRUE,7/8/2020 20:29,2G_KLK020,,,
7706,,Major,7/8/2020 20:27,TRUE,7/8/2020 20:27,2G_KLK048,,,
7706,,Major,7/8/2020 20:26,TRUE,7/8/2020 20:27,2G_KLK020,,,
7706,,Major,7/8/2020 20:25,TRUE,7/8/2020 20:26,2G_KLK020,,,
7706,,Major,7/8/2020 20:22,TRUE,7/8/2020 20:22,2G_KLK048,,,
7706,,Major,7/8/2020 20:21,TRUE,7/8/2020 20:22,2G_KLK020,,,
7706,,Major,7/8/2020 20:20,TRUE,7/8/2020 20:21,2G_KLK048,,,
7706,,Major,7/8/2020 20:18,TRUE,7/8/2020 20:18,2G_KLK020,,,
7706,,Major,7/8/2020 20:17,TRUE,7/8/2020 20:18,2G_ZG028,,,
7706,,Major,7/8/2020 20:15,TRUE,7/8/2020 20:16,2G_KLK047,,,
7706,,Major,7/8/2020 20:06,TRUE,7/8/2020 20:06,2G_KLK020,,,
7706,,Major,7/8/2020 20:03,TRUE,7/8/2020 20:03,2G_KLK048,,,
7706,,Major,7/8/2020 20:01,TRUE,7/8/2020 20:01,2G_KLK020,,,
7706,,Major,7/8/2020 19:56,TRUE,7/8/2020 19:56,2G_KLK020,,,
7706,,Major,7/8/2020 19:54,TRUE,7/8/2020 19:55,2G_KLK020,,,
7706,,Major,7/8/2020 19:52,TRUE,7/8/2020 19:53,2G_KLK020,,,
7706,,Major,7/8/2020 19:48,TRUE,7/8/2020 19:48,2G_KLK036,,,
7706,,Major,7/8/2020 19:48,TRUE,7/8/2020 19:49,2G_KLK047,,,
7706,,Major,7/8/2020 19:46,TRUE,7/8/2020 19:47,2G_KLK048,,,
7706,,Major,7/8/2020 19:42,TRUE,7/8/2020 19:43,2G_KLK048,,,
7706,,Major,7/8/2020 19:40,TRUE,7/8/2020 19:41,2G_KLK020,,,
7706,,Major,7/8/2020 19:36,TRUE,7/8/2020 19:36,2G_KLK047,,,
7706,,Major,7/8/2020 19:35,TRUE,7/8/2020 19:35,2G_KLK048,,,
7706,,Major,7/8/2020 19:32,TRUE,7/8/2020 19:32,2G_KLK036,,,
7706,,Major,7/8/2020 19:30,TRUE,7/8/2020 19:31,2G_KLK020,,,
7706,,Major,7/8/2020 19:29,TRUE,7/8/2020 19:29,2G_KLK048,,,
7706,,Major,7/8/2020 19:27,TRUE,7/8/2020 19:27,2G_KLK036,,,
7706,,Major,7/8/2020 19:22,TRUE,7/8/2020 19:22,2G_KLK036,,,
7706,,Major,7/8/2020 19:19,TRUE,7/8/2020 19:19,2G_KLK036,,,
7706,,Major,7/8/2020 19:19,TRUE,7/8/2020 19:20,2G_KLK048,,,
7706,,Major,7/8/2020 19:18,TRUE,7/8/2020 19:18,2G_KLK036,,,
7706,,Major,7/8/2020 19:18,TRUE,7/8/2020 19:18,2G_KLK047,,,
7706,,Major,7/8/2020 19:11,TRUE,7/8/2020 19:11,2G_KLK047,,,
7706,,Major,7/8/2020 19:11,TRUE,7/8/2020 19:11,2G_KLK036,,,
7706,,Major,7/8/2020 19:09,TRUE,7/8/2020 19:10,2G_KLK048,,,
7706,,Major,7/8/2020 19:07,TRUE,7/8/2020 19:08,2G_KLK036,,,
7706,,Major,7/8/2020 19:06,TRUE,7/8/2020 19:06,2G_KLK036,,,
7706,,Major,7/8/2020 19:01,TRUE,7/8/2020 19:03,2G_KLK036,,,
7706,,Major,7/8/2020 18:55,TRUE,7/8/2020 18:56,2G_KLK047,,,
7706,,Major,7/8/2020 18:48,TRUE,7/8/2020 18:49,2G_KLK047,,,
7786,,Major,7/8/2020 18:40,TRUE,7/8/2020 18:41,3G_ZG002,,,
7786,,Major,7/8/2020 18:40,TRUE,7/8/2020 18:41,3G_ZG052,,,
7786,,Major,7/8/2020 18:36,TRUE,7/8/2020 18:40,3G_ZG004,,,
7706,,Major,7/8/2020 18:30,TRUE,7/8/2020 18:31,2G_KLK036,,,
7706,,Major,7/8/2020 18:30,TRUE,7/8/2020 18:30,2G_KLK020,,,
7706,,Major,7/8/2020 18:29,TRUE,7/8/2020 18:29,2G_KLK036,,,
7706,,Major,7/8/2020 18:28,TRUE,7/8/2020 18:29,2G_KLK047,,,
7706,,Major,7/8/2020 18:22,TRUE,7/8/2020 18:22,2G_KLK047,,,
7706,,Major,7/8/2020 18:10,TRUE,7/8/2020 18:11,2G_KLK020,,,
7706,,Major,7/8/2020 17:52,TRUE,7/8/2020 17:53,2G_KLK048,,,
7706,,Major,7/8/2020 17:52,TRUE,7/8/2020 17:53,2G_KLK036,,,
7706,,Major,7/8/2020 17:16,TRUE,7/8/2020 17:17,2G_KLK047,,,
7706,,Major,7/8/2020 17:02,TRUE,7/8/2020 17:03,2G_KLK047,,,
7706,,Major,7/8/2020 16:28,TRUE,7/8/2020 16:28,2G_KLK047,,,
7706,,Major,7/8/2020 15:48,TRUE,7/8/2020 15:48,2G_KLK046,,,
7706,,Major,7/8/2020 15:48,TRUE,7/8/2020 15:48,2G_KLK047,,,
7706,,Major,7/8/2020 15:48,TRUE,7/8/2020 15:48,2G_KLK043,,,
7706,,Major,7/8/2020 15:48,TRUE,7/8/2020 15:48,2G_KLK013,,,
7706,,Major,7/8/2020 13:01,TRUE,7/8/2020 15:11,2G_ZG050,,,
7786,,Major,7/8/2020 13:00,TRUE,7/8/2020 15:12,3G_ZG050,,,
7706,,Major,7/8/2020 12:53,TRUE,7/8/2020 12:58,2G_ZG050,,,
7786,,Major,7/8/2020 12:52,TRUE,7/8/2020 12:58,3G_ZG050,,,
7706,,Major,7/8/2020 11:56,TRUE,7/8/2020 12:01,2G_KLK038,,,
7706,,Major,7/8/2020 11:39,TRUE,7/8/2020 11:39,2G_ZG052,,,
7706,,Major,7/8/2020 11:39,TRUE,7/8/2020 11:40,2G_ZG001,,,
7786,,Major,7/8/2020 11:39,TRUE,7/8/2020 11:40,3G_ZG051,,,
7786,,Major,7/8/2020 11:39,TRUE,7/8/2020 11:40,3G_ZG001,,,
7786,,Major,7/8/2020 11:39,TRUE,7/8/2020 11:40,3G_ZG002,,,
7786,,Major,7/8/2020 11:39,TRUE,7/8/2020 11:40,3G_ZG004,,,
7786,,Major,7/8/2020 11:39,TRUE,7/8/2020 11:40,3G_ZG050,,,
7786,,Major,7/8/2020 11:39,TRUE,7/8/2020 11:40,3G_ZG052,,,
7706,,Major,7/8/2020 3:56,TRUE,7/8/2020 3:56,2G_KLK037,,,
7706,,Major,7/7/2020 23:18,TRUE,7/7/2020 23:18,2G_KLK001,,,
7706,,Major,7/7/2020 23:17,TRUE,7/7/2020 23:18,2G_KLK004,,,
7706,,Major,7/7/2020 23:17,TRUE,7/7/2020 23:18,2G_DBL006,,,
7706,,Major,7/7/2020 23:17,TRUE,7/7/2020 23:18,2G_KLK006,,,
7706,,Major,7/7/2020 23:17,TRUE,7/7/2020 23:17,2G_FTK004,,,
7706,,Major,7/7/2020 23:16,TRUE,7/7/2020 23:17,2G_KLK002,,,
7706,,Major,7/7/2020 23:16,TRUE,7/7/2020 23:17,2G_KLK004,,,
7706,,Major,7/7/2020 23:15,TRUE,7/7/2020 23:17,2G_KLK001,,,
7706,,Major,7/7/2020 23:15,TRUE,7/7/2020 23:16,2G_DBL006,,,
7706,,Major,7/7/2020 23:15,TRUE,7/7/2020 23:17,2G_KLK003,,,
7706,,Major,7/7/2020 23:14,TRUE,7/7/2020 23:16,2G_KLK006,,,
7706,,Major,7/7/2020 23:14,TRUE,7/7/2020 23:14,2G_KLK001,,,
7706,,Major,7/7/2020 23:13,TRUE,7/7/2020 23:16,2G_FTK004,,,
7706,,Major,7/7/2020 23:13,TRUE,7/7/2020 23:17,2G_KLK040,,,
7706,,Major,7/7/2020 23:13,TRUE,7/7/2020 23:14,2G_KLK003,,,
7706,,Major,7/7/2020 23:12,TRUE,7/7/2020 23:14,2G_FTK003,,,
7706,,Major,7/7/2020 23:12,TRUE,7/7/2020 23:16,2G_KLK039,,,
7706,,Major,7/7/2020 23:12,TRUE,7/7/2020 23:14,2G_DBL006,,,
7706,,Major,7/7/2020 23:12,TRUE,7/7/2020 23:13,2G_FTK004,,,
7706,,Major,7/7/2020 23:12,TRUE,7/7/2020 23:15,2G_KLK002,,,
7706,,Major,7/7/2020 23:11,TRUE,7/7/2020 23:13,2G_KLK001,,,
7706,,Major,7/7/2020 23:10,TRUE,7/7/2020 23:12,2G_FTK004,,,
7706,,Major,7/7/2020 23:10,TRUE,7/7/2020 23:13,2G_KLK006,,,
7706,,Major,7/7/2020 23:10,TRUE,7/7/2020 23:12,2G_KLK039,,,
7706,,Major,7/7/2020 23:10,TRUE,7/7/2020 23:12,2G_KLK004,,,
7706,,Major,7/7/2020 23:10,TRUE,7/7/2020 23:12,2G_KLK040,,,
7706,,Major,7/7/2020 23:10,TRUE,7/7/2020 23:12,2G_DBL006,,,
7706,,Major,7/7/2020 23:10,TRUE,7/7/2020 23:12,2G_KLK002,,,
7706,,Major,7/7/2020 23:10,TRUE,7/7/2020 23:12,2G_KLK003,,,
7706,,Major,7/7/2020 23:10,TRUE,7/7/2020 23:12,2G_FTK003,,,
7786,,Major,7/7/2020 23:10,TRUE,7/7/2020 23:18,3G_KLK004,,,
7786,,Major,7/7/2020 23:10,TRUE,7/7/2020 23:18,3G_FTK004,,,
7786,,Major,7/7/2020 23:10,TRUE,7/7/2020 23:18,3G_FTK003,,,
7786,,Major,7/7/2020 23:10,TRUE,7/7/2020 23:18,3G_KLK039,,,
7786,,Major,7/7/2020 23:10,TRUE,7/7/2020 23:18,3G_KLK003,,,
7786,,Major,7/7/2020 23:10,TRUE,7/7/2020 23:18,3G_KLK040,,,
7786,,Major,7/7/2020 23:10,TRUE,7/7/2020 23:18,3G_KLK001,,,
7786,,Major,7/7/2020 23:10,TRUE,7/7/2020 23:18,3G_KLK006,,,
7786,,Major,7/7/2020 23:10,TRUE,7/7/2020 23:18,3G_KLK002,,,
7786,,Major,7/7/2020 23:08,TRUE,7/7/2020 23:09,3G_KLK002,,,
7786,,Major,7/7/2020 23:07,TRUE,7/7/2020 23:09,3G_KLK001,,,
7786,,Major,7/7/2020 23:07,TRUE,7/7/2020 23:08,3G_KLK040,,,
7786,,Major,7/7/2020 23:07,TRUE,7/7/2020 23:07,3G_KLK004,,,
7786,,Major,7/7/2020 23:07,TRUE,7/7/2020 23:07,3G_KLK002,,,
7706,,Major,7/7/2020 22:40,TRUE,7/7/2020 22:41,2G_KLK037,,,
7706,,Major,7/7/2020 22:37,TRUE,7/7/2020 22:38,2G_KLK015,,,
7706,,Major,7/7/2020 22:35,TRUE,7/7/2020 22:37,2G_KLK015,,,
7706,,Major,7/7/2020 22:34,TRUE,7/7/2020 22:36,2G_KLK037,,,
7706,,Major,7/7/2020 22:34,TRUE,7/7/2020 22:34,2G_KLK015,,,
7706,,Major,7/7/2020 21:48,TRUE,7/7/2020 21:48,2G_KLK020,,,
7706,,Major,7/7/2020 21:45,TRUE,7/7/2020 21:45,2G_KLK020,,,
7706,,Major,7/7/2020 21:44,TRUE,7/7/2020 21:44,2G_KLK020,,,
7706,,Major,7/7/2020 21:39,TRUE,7/7/2020 21:39,2G_KLK020,,,
7706,,Major,7/7/2020 21:36,TRUE,7/7/2020 21:36,2G_KLK020,,,
7706,,Major,7/7/2020 21:34,TRUE,7/7/2020 21:35,2G_KLK020,,,
7706,,Major,7/7/2020 21:30,TRUE,7/7/2020 21:33,2G_KLK020,,,
7706,,Major,7/7/2020 21:28,TRUE,7/7/2020 21:29,2G_KLK020,,,
7706,,Major,7/7/2020 21:10,TRUE,7/7/2020 21:10,2G_KLK002,,,
7706,,Major,7/7/2020 20:55,TRUE,7/8/2020 11:14,2G_KLK038,,,
7706,,Major,7/7/2020 20:20,TRUE,7/7/2020 20:21,2G_KLK037,,,
7706,,Major,7/7/2020 20:03,TRUE,7/7/2020 20:03,2G_KLK037,,,
7706,,Major,7/7/2020 19:57,TRUE,7/7/2020 19:59,2G_KLK037,,,
7706,,Major,7/7/2020 19:45,TRUE,7/7/2020 19:45,2G_KLK037,,,
7706,,Major,7/7/2020 19:39,TRUE,7/7/2020 19:41,2G_KLK037,,,
7706,,Major,7/7/2020 19:38,TRUE,7/7/2020 19:39,2G_KLK037,,,
7706,,Major,7/7/2020 19:37,TRUE,7/7/2020 19:38,2G_KLK037,,,
7706,,Major,7/7/2020 19:26,TRUE,7/7/2020 19:28,2G_KLK037,,,
7706,,Major,7/7/2020 19:19,TRUE,7/7/2020 19:21,2G_KLK031,,,
7706,,Major,7/7/2020 19:18,TRUE,7/7/2020 19:18,2G_KLK031,,,
7706,,Major,7/7/2020 19:15,TRUE,7/7/2020 19:22,2G_KLK014,,,
7706,,Major,7/7/2020 19:15,TRUE,7/7/2020 19:22,2G_KLK037,,,
7786,,Major,7/7/2020 19:15,TRUE,7/7/2020 19:22,3G_KLK014,,,
7706,,Major,7/7/2020 19:12,TRUE,7/7/2020 19:12,2G_KLK037,,,
7706,,Major,7/7/2020 19:08,TRUE,7/7/2020 19:09,2G_KLK037,,,
7706,,Major,7/7/2020 18:57,TRUE,7/8/2020 19:14,2G_KLK023,,,
7706,,Major,7/7/2020 18:55,TRUE,7/7/2020 18:55,2G_KLK037,,,
7706,,Major,7/7/2020 18:54,TRUE,7/7/2020 18:55,2G_KLK037,,,
7706,,Major,7/7/2020 18:12,TRUE,7/7/2020 18:52,2G_KLK037,,,
7706,,Major,7/7/2020 17:55,TRUE,7/7/2020 17:57,2G_KLK038,,,
7706,,Major,7/7/2020 17:51,TRUE,7/7/2020 17:53,2G_KLK038,,,
7786,,Major,7/7/2020 17:51,TRUE,7/7/2020 17:54,3G_KLK038,,,
7706,,Major,7/7/2020 17:47,TRUE,7/7/2020 17:49,2G_KLK038,,,
7786,,Major,7/7/2020 17:46,TRUE,7/7/2020 17:50,3G_KLK038,,,
7706,,Major,7/7/2020 17:42,TRUE,7/7/2020 17:44,2G_KLK038,,,
7786,,Major,7/7/2020 17:42,TRUE,7/7/2020 17:46,3G_KLK038,,,
7706,,Major,7/7/2020 17:38,TRUE,7/7/2020 17:40,2G_KLK038,,,
7786,,Major,7/7/2020 17:38,TRUE,7/7/2020 17:41,3G_KLK038,,,
7706,,Major,7/7/2020 17:34,TRUE,7/7/2020 17:35,2G_KLK038,,,
7786,,Major,7/7/2020 17:33,TRUE,7/7/2020 17:37,3G_KLK038,,,
7706,,Major,7/7/2020 17:29,TRUE,7/7/2020 17:31,2G_KLK038,,,
7786,,Major,7/7/2020 17:29,TRUE,7/7/2020 17:33,3G_KLK038,,,
7706,,Major,7/7/2020 17:25,TRUE,7/7/2020 17:27,2G_KLK038,,,
7706,,Major,7/7/2020 17:20,TRUE,7/7/2020 17:24,2G_KLK038,,,
7786,,Major,7/7/2020 17:20,TRUE,7/7/2020 17:28,3G_KLK038,,,
7706,,Major,7/7/2020 17:16,TRUE,7/7/2020 17:17,2G_KLK038,,,
7786,,Major,7/7/2020 17:15,TRUE,7/7/2020 17:19,3G_KLK038,,,
7706,,Major,7/7/2020 17:11,TRUE,7/7/2020 17:13,2G_KLK038,,,
7786,,Major,7/7/2020 17:11,TRUE,7/7/2020 17:15,3G_KLK038,,,
7706,,Major,7/7/2020 17:07,TRUE,7/7/2020 17:09,2G_KLK038,,,
7786,,Major,7/7/2020 17:06,TRUE,7/7/2020 17:10,3G_KLK038,,,
7706,,Major,7/7/2020 17:02,TRUE,7/7/2020 17:04,2G_KLK038,,,
7786,,Major,7/7/2020 17:02,TRUE,7/7/2020 17:06,3G_KLK038,,,
7706,,Major,7/7/2020 16:58,TRUE,7/7/2020 17:00,2G_KLK038,,,
7786,,Major,7/7/2020 16:57,TRUE,7/7/2020 17:01,3G_KLK038,,,
7706,,Major,7/7/2020 16:53,TRUE,7/7/2020 16:55,2G_KLK038,,,
7786,,Major,7/7/2020 16:53,TRUE,7/7/2020 16:57,3G_KLK038,,,
7706,,Major,7/7/2020 16:49,TRUE,7/7/2020 16:50,2G_KLK038,,,
7786,,Major,7/7/2020 16:48,TRUE,7/7/2020 16:52,3G_KLK038,,,
7706,,Major,7/7/2020 16:44,TRUE,7/7/2020 16:46,2G_KLK038,,,
7786,,Major,7/7/2020 16:44,TRUE,7/7/2020 16:47,3G_KLK038,,,
7706,,Major,7/7/2020 16:41,TRUE,7/7/2020 22:11,2G_KLK015,,,
7706,,Major,7/7/2020 16:39,TRUE,7/7/2020 16:41,2G_KLK038,,,
7786,,Major,7/7/2020 16:39,TRUE,7/7/2020 16:43,3G_KLK038,,,
7786,,Major,7/7/2020 16:36,TRUE,7/7/2020 16:37,3G_KLK040,,,
7786,,Major,7/7/2020 16:36,TRUE,7/7/2020 16:37,3G_KLK001,,,
7786,,Major,7/7/2020 16:36,TRUE,7/7/2020 16:37,3G_KLK004,,,
7786,,Major,7/7/2020 16:36,TRUE,7/7/2020 16:37,3G_FTK004,,,
7706,,Major,7/7/2020 16:35,TRUE,7/7/2020 16:37,2G_KLK038,,,
7786,,Major,7/7/2020 16:35,TRUE,7/7/2020 16:38,3G_KLK038,,,
7706,,Major,7/7/2020 16:34,TRUE,7/7/2020 16:34,2G_KLK001,,,
7706,,Major,7/7/2020 16:33,TRUE,7/7/2020 16:34,2G_FTK004,,,
7706,,Major,7/7/2020 16:33,TRUE,7/7/2020 16:34,2G_KLK006,,,
7706,,Major,7/7/2020 16:33,TRUE,7/7/2020 16:33,2G_FTK003,,,
7706,,Major,7/7/2020 16:33,TRUE,7/7/2020 16:33,2G_KLK040,,,
7706,,Major,7/7/2020 16:33,TRUE,7/7/2020 16:34,2G_KLK003,,,
7706,,Major,7/7/2020 16:33,TRUE,7/7/2020 16:33,2G_KLK002,,,
7706,,Major,7/7/2020 16:33,TRUE,7/7/2020 16:33,2G_KLK004,,,
7706,,Major,7/7/2020 16:33,TRUE,7/7/2020 16:34,2G_KLK039,,,
7706,,Major,7/7/2020 16:33,TRUE,7/7/2020 16:33,2G_KLK038,,,
7706,,Major,7/7/2020 16:33,TRUE,7/7/2020 16:34,2G_DBL006,,,
7786,,Major,7/7/2020 16:32,TRUE,7/7/2020 16:34,3G_KLK039,,,
7786,,Major,7/7/2020 16:32,TRUE,7/7/2020 16:34,3G_FTK004,,,
7786,,Major,7/7/2020 16:32,TRUE,7/7/2020 16:34,3G_KLK040,,,
7786,,Major,7/7/2020 16:32,TRUE,7/7/2020 16:34,3G_KLK003,,,
7786,,Major,7/7/2020 16:32,TRUE,7/7/2020 16:34,3G_KLK004,,,
7786,,Major,7/7/2020 16:32,TRUE,7/7/2020 16:34,3G_KLK001,,,
7786,,Major,7/7/2020 16:32,TRUE,7/7/2020 16:34,3G_KLK002,,,
7786,,Major,7/7/2020 16:32,TRUE,7/7/2020 16:34,3G_FTK003,,,
7786,,Major,7/7/2020 16:32,TRUE,7/7/2020 16:34,3G_KLK006,,,
7706,,Major,7/7/2020 16:30,TRUE,7/7/2020 16:32,2G_KLK038,,,
7786,,Major,7/7/2020 16:30,TRUE,7/7/2020 16:31,3G_KLK006,,,
7786,,Major,7/7/2020 16:30,TRUE,7/7/2020 16:31,3G_KLK003,,,
7786,,Major,7/7/2020 16:30,TRUE,7/7/2020 16:34,3G_KLK038,,,
7706,,Major,7/7/2020 16:29,TRUE,7/7/2020 16:30,2G_FTK004,,,
7706,,Major,7/7/2020 16:29,TRUE,7/7/2020 16:30,2G_KLK003,,,
7786,,Major,7/7/2020 16:29,TRUE,7/7/2020 16:30,3G_KLK004,,,
7786,,Major,7/7/2020 16:29,TRUE,7/7/2020 16:30,3G_KLK040,,,
7786,,Major,7/7/2020 16:29,TRUE,7/7/2020 16:29,3G_KLK038,,,
7786,,Major,7/7/2020 16:29,TRUE,7/7/2020 16:30,3G_KLK002,,,
7786,,Major,7/7/2020 16:28,TRUE,7/7/2020 16:30,3G_KLK006,,,
7786,,Major,7/7/2020 16:28,TRUE,7/7/2020 16:30,3G_FTK004,,,
7786,,Major,7/7/2020 16:28,TRUE,7/7/2020 16:29,3G_KLK040,,,
7786,,Major,7/7/2020 16:28,TRUE,7/7/2020 16:29,3G_FTK003,,,
7786,,Major,7/7/2020 16:28,TRUE,7/7/2020 16:29,3G_KLK039,,,
7786,,Major,7/7/2020 16:28,TRUE,7/7/2020 16:29,3G_KLK001,,,
7786,,Major,7/7/2020 16:28,TRUE,7/7/2020 16:29,3G_KLK004,,,
7786,,Major,7/7/2020 16:28,TRUE,7/7/2020 16:29,3G_KLK003,,,
7706,,Major,7/7/2020 16:24,TRUE,7/7/2020 16:26,2G_KLK038,,,
7786,,Major,7/7/2020 16:24,TRUE,7/7/2020 16:28,3G_KLK038,,,
7706,,Major,7/7/2020 16:19,TRUE,7/7/2020 16:21,2G_KLK038,,,
7786,,Major,7/7/2020 16:19,TRUE,7/7/2020 16:23,3G_KLK038,,,
7706,,Major,7/7/2020 16:13,TRUE,7/7/2020 16:15,2G_KLK038,,,
7786,,Major,7/7/2020 16:13,TRUE,7/7/2020 16:17,3G_KLK038,,,
7706,,Major,7/7/2020 16:13,TRUE,7/7/2020 16:13,2G_ZG028,,,
7706,,Major,7/7/2020 16:07,TRUE,7/7/2020 16:09,2G_KLK038,,,
7786,,Major,7/7/2020 16:07,TRUE,7/7/2020 16:11,3G_KLK038,,,
7706,,Major,7/7/2020 16:01,TRUE,7/7/2020 16:03,2G_KLK038,,,
7786,,Major,7/7/2020 16:01,TRUE,7/7/2020 16:05,3G_KLK038,,,
7706,,Major,7/7/2020 15:59,TRUE,7/7/2020 16:04,2G_KLK030,,,
7706,,Major,7/7/2020 15:59,TRUE,7/7/2020 16:05,2G_KLK002,,,
7706,,Major,7/7/2020 15:59,TRUE,7/7/2020 16:04,2G_KLK029,,,
7786,,Major,7/7/2020 15:58,TRUE,7/7/2020 16:05,3G_KLK002,,,
7786,,Major,7/7/2020 15:58,TRUE,7/7/2020 16:05,3G_KLK029,,,
7786,,Major,7/7/2020 15:58,TRUE,7/7/2020 16:04,3G_KLK030,,,
7706,,Major,7/7/2020 15:58,TRUE,7/7/2020 15:58,2G_KLK045,,,
7706,,Major,7/7/2020 15:56,TRUE,7/7/2020 15:58,2G_KLK038,,,
7786,,Major,7/7/2020 15:56,TRUE,7/7/2020 16:00,3G_KLK038,,,
7706,,Major,7/7/2020 15:50,TRUE,7/7/2020 15:52,2G_KLK038,,,
7786,,Major,7/7/2020 15:49,TRUE,7/7/2020 15:53,3G_KLK038,,,
7706,,Major,7/7/2020 15:43,TRUE,7/7/2020 15:45,2G_KLK038,,,
7786,,Major,7/7/2020 15:42,TRUE,7/7/2020 15:46,3G_KLK038,,,
7706,,Major,7/7/2020 15:35,TRUE,7/7/2020 15:37,2G_KLK038,,,
7786,,Major,7/7/2020 15:35,TRUE,7/7/2020 15:39,3G_KLK038,,,
7706,,Major,7/7/2020 15:28,TRUE,7/7/2020 15:30,2G_KLK038,,,
7786,,Major,7/7/2020 15:28,TRUE,7/7/2020 15:32,3G_KLK038,,,
7786,,Major,7/7/2020 15:20,TRUE,7/7/2020 15:22,3G_KLK001,,,
7706,,Major,7/7/2020 15:19,TRUE,7/7/2020 15:21,2G_KLK038,,,
7786,,Major,7/7/2020 15:18,TRUE,7/7/2020 15:22,3G_KLK038,,,
7706,,Major,7/7/2020 15:07,TRUE,7/7/2020 15:09,2G_KLK038,,,
7786,,Major,7/7/2020 15:06,TRUE,7/7/2020 15:10,3G_KLK038,,,
7706,,Major,7/7/2020 14:50,TRUE,7/7/2020 14:50,2G_KLK006,,,
7786,,Major,7/7/2020 14:49,TRUE,7/7/2020 14:50,3G_FTK004,,,
7706,,Major,7/7/2020 14:47,TRUE,7/7/2020 14:47,2G_KLK002,,,
7706,,Major,7/7/2020 14:19,TRUE,7/7/2020 14:19,2G_KLK006,,,
7706,,Major,7/7/2020 14:19,TRUE,7/7/2020 14:19,2G_KLK003,,,
7706,,Major,7/7/2020 14:19,TRUE,7/7/2020 14:19,2G_FTK003,,,
7706,,Major,7/7/2020 14:19,TRUE,7/7/2020 14:19,2G_KLK038,,,
7706,,Major,7/7/2020 14:18,TRUE,7/7/2020 14:19,2G_KLK002,,,
7706,,Major,7/7/2020 14:18,TRUE,7/7/2020 14:18,2G_DBL006,,,
7706,,Major,7/7/2020 14:18,TRUE,7/7/2020 14:18,2G_FTK004,,,
7706,,Major,7/7/2020 14:18,TRUE,7/7/2020 14:18,2G_KLK040,,,
7706,,Major,7/7/2020 14:18,TRUE,7/7/2020 14:18,2G_KLK004,,,
7706,,Major,7/7/2020 14:18,TRUE,7/7/2020 14:18,2G_KLK038,,,
7786,,Major,7/7/2020 14:12,TRUE,7/7/2020 14:12,3G_FTK004,,,
7786,,Major,7/7/2020 14:12,TRUE,7/7/2020 14:12,3G_FTK003,,,
7786,,Major,7/7/2020 14:12,TRUE,7/7/2020 14:12,3G_KLK038,,,
7706,,Major,7/7/2020 14:11,TRUE,7/7/2020 14:12,2G_FTK003,,,
7706,,Major,7/7/2020 14:11,TRUE,7/7/2020 14:12,2G_DBL006,,,
7706,,Major,7/7/2020 14:11,TRUE,7/7/2020 14:12,2G_KLK004,,,
7706,,Major,7/7/2020 14:11,TRUE,7/7/2020 14:12,2G_KLK002,,,
7706,,Major,7/7/2020 14:11,TRUE,7/7/2020 14:12,2G_FTK004,,,
7706,,Major,7/7/2020 14:11,TRUE,7/7/2020 14:12,2G_KLK039,,,
7706,,Major,7/7/2020 14:11,TRUE,7/7/2020 14:12,2G_KLK006,,,
7706,,Major,7/7/2020 14:11,TRUE,7/7/2020 14:12,2G_KLK001,,,
7786,,Major,7/7/2020 14:11,TRUE,7/7/2020 14:11,3G_KLK040,,,
7786,,Major,7/7/2020 14:11,TRUE,7/7/2020 14:11,3G_KLK004,,,
7786,,Major,7/7/2020 14:11,TRUE,7/7/2020 14:11,3G_KLK039,,,
7786,,Major,7/7/2020 14:11,TRUE,7/7/2020 14:11,3G_KLK001,,,
7786,,Major,7/7/2020 14:11,TRUE,7/7/2020 14:11,3G_KLK038,,,
7786,,Major,7/7/2020 14:11,TRUE,7/7/2020 14:11,3G_FTK004,,,
7786,,Major,7/7/2020 14:11,TRUE,7/7/2020 14:11,3G_KLK006,,,
7786,,Major,7/7/2020 14:11,TRUE,7/7/2020 14:11,3G_KLK003,,,
7786,,Major,7/7/2020 14:11,TRUE,7/7/2020 14:11,3G_KLK002,,,
7786,,Major,7/7/2020 14:11,TRUE,7/7/2020 14:11,3G_FTK003,,,
7706,,Major,7/7/2020 13:46,TRUE,7/7/2020 13:46,2G_KLK013,,,
7706,,Major,7/7/2020 13:33,TRUE,7/7/2020 13:34,2G_KLK023,,,
7706,,Major,7/7/2020 13:30,TRUE,7/7/2020 13:30,2G_KLK021,,,
7706,,Major,7/7/2020 13:30,TRUE,7/7/2020 13:30,2G_KLK018,,,
7706,,Major,7/7/2020 13:16,TRUE,7/7/2020 13:16,2G_FTK004,,,
7706,,Major,7/7/2020 13:16,TRUE,7/7/2020 13:16,2G_KLK003,,,
7706,,Major,7/7/2020 13:16,TRUE,7/7/2020 13:16,2G_KLK038,,,
7706,,Major,7/7/2020 13:16,TRUE,7/7/2020 13:16,2G_KLK001,,,
7706,,Major,7/7/2020 13:16,TRUE,7/7/2020 13:16,2G_KLK039,,,
7706,,Major,7/7/2020 13:16,TRUE,7/7/2020 13:16,2G_FTK003,,,
7786,,Major,7/7/2020 13:14,TRUE,7/7/2020 13:14,3G_KLK006,,,
7786,,Major,7/7/2020 13:13,TRUE,7/7/2020 13:14,3G_KLK003,,,
7786,,Major,7/7/2020 13:13,TRUE,7/7/2020 13:14,3G_KLK001,,,
7786,,Major,7/7/2020 13:13,TRUE,7/7/2020 13:14,3G_KLK040,,,
7786,,Major,7/7/2020 13:13,TRUE,7/7/2020 13:14,3G_KLK004,,,
7786,,Major,7/7/2020 13:13,TRUE,7/7/2020 13:14,3G_FTK004,,,
7786,,Major,7/7/2020 13:13,TRUE,7/7/2020 13:14,3G_KLK002,,,
7786,,Major,7/7/2020 13:13,TRUE,7/7/2020 13:14,3G_FTK003,,,
7786,,Major,7/7/2020 13:13,TRUE,7/7/2020 13:14,3G_KLK039,,,
7786,,Major,7/7/2020 13:13,TRUE,7/7/2020 13:14,3G_KLK038,,,
7706,,Major,7/7/2020 12:55,TRUE,7/7/2020 12:55,2G_KLK042,,,
7706,,Major,7/7/2020 12:39,TRUE,7/7/2020 12:40,2G_KLK025,,,
7706,,Major,7/7/2020 11:49,TRUE,7/7/2020 11:49,2G_KLK019,,,
7706,,Major,7/7/2020 11:49,TRUE,7/7/2020 11:49,2G_KLK022,,,
7706,,Major,7/7/2020 11:10,TRUE,7/7/2020 11:10,2G_KLK025,,,
7706,,Major,7/7/2020 8:27,TRUE,7/7/2020 8:27,2G_FTK003,,,
7786,,Major,7/7/2020 8:26,TRUE,7/7/2020 8:27,3G_FTK004,,,
7786,,Major,7/7/2020 8:26,TRUE,7/7/2020 8:27,3G_KLK004,,,
7786,,Major,7/7/2020 8:25,TRUE,7/7/2020 8:26,3G_FTK003,,,
7786,,Major,7/7/2020 8:25,TRUE,7/7/2020 8:26,3G_KLK004,,,
7786,,Major,7/7/2020 8:25,TRUE,7/7/2020 8:26,3G_KLK001,,,
7786,,Major,7/7/2020 8:25,TRUE,7/7/2020 8:26,3G_KLK038,,,
7786,,Major,7/7/2020 8:25,TRUE,7/7/2020 8:26,3G_KLK040,,,
7706,,Major,7/7/2020 7:59,TRUE,7/7/2020 7:59,2G_KLK002,,,
7706,,Major,7/7/2020 7:59,TRUE,7/7/2020 7:59,2G_KLK043,,,
7786,,Major,7/7/2020 7:59,TRUE,7/7/2020 8:00,3G_FTK004,,,
7786,,Major,7/7/2020 7:59,TRUE,7/7/2020 8:00,3G_KLK001,,,
7786,,Major,7/7/2020 7:59,TRUE,7/7/2020 8:00,3G_KLK004,,,
7786,,Major,7/7/2020 7:59,TRUE,7/7/2020 8:00,3G_KLK003,,,
7786,,Major,7/7/2020 7:59,TRUE,7/7/2020 8:00,3G_FTK003,,,
7786,,Major,7/7/2020 7:59,TRUE,7/7/2020 8:00,3G_KLK002,,,
7786,,Major,7/7/2020 7:59,TRUE,7/7/2020 8:00,3G_KLK038,,,
7706,,Major,7/7/2020 7:42,TRUE,7/7/2020 7:42,2G_KLK038,,,
7706,,Major,7/7/2020 7:40,TRUE,7/7/2020 7:40,2G_KLK038,,,
7706,,Major,7/7/2020 7:40,TRUE,7/7/2020 7:40,2G_KLK003,,,
7706,,Major,7/7/2020 7:40,TRUE,7/7/2020 7:40,2G_KLK004,,,
7706,,Major,7/7/2020 7:40,TRUE,7/7/2020 7:40,2G_DBL006,,,
7786,,Major,7/7/2020 7:40,TRUE,7/7/2020 7:40,3G_KLK003,,,
7786,,Major,7/7/2020 7:40,TRUE,7/7/2020 7:40,3G_KLK038,,,
7786,,Major,7/7/2020 7:40,TRUE,7/7/2020 7:40,3G_FTK003,,,
7786,,Major,7/7/2020 7:40,TRUE,7/7/2020 7:40,3G_KLK039,,,
7786,,Major,7/7/2020 7:40,TRUE,7/7/2020 7:40,3G_KLK004,,,
7786,,Major,7/7/2020 7:40,TRUE,7/7/2020 7:40,3G_FTK004,,,
7786,,Major,7/7/2020 7:40,TRUE,7/7/2020 7:40,3G_KLK006,,,
7786,,Major,7/7/2020 7:40,TRUE,7/7/2020 7:40,3G_KLK002,,,
7706,,Major,7/7/2020 7:39,TRUE,7/7/2020 7:39,2G_KLK038,,,
7706,,Major,7/7/2020 7:38,TRUE,7/7/2020 7:38,2G_FTK004,,,
7706,,Major,7/7/2020 7:38,TRUE,7/7/2020 7:38,2G_KLK004,,,
7706,,Major,7/7/2020 7:37,TRUE,7/7/2020 7:38,2G_KLK003,,,
7706,,Major,7/7/2020 7:37,TRUE,7/7/2020 7:38,2G_KLK002,,,
7706,,Major,7/7/2020 7:37,TRUE,7/7/2020 7:38,2G_KLK006,,,
7706,,Major,7/7/2020 7:37,TRUE,7/7/2020 7:38,2G_KLK038,,,
7706,,Major,7/7/2020 7:37,TRUE,7/7/2020 7:38,2G_KLK004,,,
7706,,Major,7/7/2020 7:37,TRUE,7/7/2020 7:38,2G_KLK040,,,
7706,,Major,7/7/2020 7:37,TRUE,7/7/2020 7:38,2G_FTK003,,,
7706,,Major,7/7/2020 7:37,TRUE,7/7/2020 7:38,2G_KLK039,,,
7706,,Major,7/7/2020 7:37,TRUE,7/7/2020 7:38,2G_KLK001,,,
7706,,Major,7/7/2020 7:37,TRUE,7/7/2020 7:38,2G_DBL006,,,
7706,,Major,7/7/2020 7:37,TRUE,7/7/2020 7:38,2G_FTK004,,,
7786,,Major,7/7/2020 7:37,TRUE,7/7/2020 7:38,3G_FTK004,,,
7786,,Major,7/7/2020 7:37,TRUE,7/7/2020 7:38,3G_KLK003,,,
7786,,Major,7/7/2020 7:37,TRUE,7/7/2020 7:38,3G_KLK039,,,
7786,,Major,7/7/2020 7:37,TRUE,7/7/2020 7:38,3G_KLK002,,,
7786,,Major,7/7/2020 7:37,TRUE,7/7/2020 7:38,3G_KLK006,,,
7786,,Major,7/7/2020 7:37,TRUE,7/7/2020 7:38,3G_FTK003,,,
7786,,Major,7/7/2020 7:37,TRUE,7/7/2020 7:38,3G_KLK001,,,
7786,,Major,7/7/2020 7:37,TRUE,7/7/2020 7:38,3G_KLK040,,,
7786,,Major,7/7/2020 7:36,TRUE,7/7/2020 7:39,3G_KLK038,,,
7786,,Major,7/7/2020 7:36,TRUE,7/7/2020 7:38,3G_KLK004,,,
7706,,Major,7/7/2020 7:30,TRUE,7/7/2020 7:30,2G_FTK003,,,
7706,,Major,7/7/2020 7:30,TRUE,7/7/2020 7:30,2G_DBL006,,,
7706,,Major,7/7/2020 7:30,TRUE,7/7/2020 7:30,2G_KLK004,,,
7786,,Major,7/7/2020 7:30,TRUE,7/7/2020 7:30,3G_FTK004,,,
7786,,Major,7/7/2020 7:30,TRUE,7/7/2020 7:30,3G_KLK038,,,
7786,,Major,7/7/2020 7:30,TRUE,7/7/2020 7:30,3G_KLK039,,,
7786,,Major,7/7/2020 7:30,TRUE,7/7/2020 7:30,3G_KLK004,,,
7786,,Major,7/7/2020 7:30,TRUE,7/7/2020 7:31,3G_KLK002,,,
7786,,Major,7/7/2020 7:30,TRUE,7/7/2020 7:30,3G_FTK003,,,
7786,,Major,7/7/2020 7:30,TRUE,7/7/2020 7:30,3G_KLK001,,,
7786,,Major,7/7/2020 7:30,TRUE,7/7/2020 7:30,3G_KLK003,,,
7786,,Major,7/7/2020 7:29,TRUE,7/7/2020 7:29,3G_KLK003,,,
7706,,Major,7/7/2020 7:26,TRUE,7/7/2020 7:26,2G_KLK003,,,
7706,,Major,7/7/2020 7:26,TRUE,7/7/2020 7:26,2G_KLK004,,,
7706,,Major,7/7/2020 7:26,TRUE,7/7/2020 7:26,2G_KLK038,,,
7786,,Major,7/7/2020 7:25,TRUE,7/7/2020 7:26,3G_KLK004,,,
7706,,Major,7/7/2020 7:25,TRUE,7/7/2020 7:25,2G_KLK004,,,
7786,,Major,7/7/2020 7:24,TRUE,7/7/2020 7:25,3G_FTK004,,,
7786,,Major,7/7/2020 7:24,TRUE,7/7/2020 7:25,3G_KLK003,,,
7786,,Major,7/7/2020 7:24,TRUE,7/7/2020 7:25,3G_KLK001,,,
7786,,Major,7/7/2020 7:24,TRUE,7/7/2020 7:25,3G_KLK039,,,
7786,,Major,7/7/2020 7:24,TRUE,7/7/2020 7:25,3G_KLK038,,,
7786,,Major,7/7/2020 7:24,TRUE,7/7/2020 7:25,3G_KLK004,,,
7786,,Major,7/7/2020 7:24,TRUE,7/7/2020 7:25,3G_KLK040,,,
7786,,Major,7/7/2020 7:24,TRUE,7/7/2020 7:25,3G_FTK003,,,
7706,,Major,7/7/2020 7:22,TRUE,7/7/2020 7:22,2G_KLK004,,,
7786,,Major,7/7/2020 6:54,TRUE,7/7/2020 6:54,3G_FTK003,,,
7786,,Major,7/7/2020 6:53,TRUE,7/7/2020 6:54,3G_KLK040,,,
7786,,Major,7/7/2020 6:53,TRUE,7/7/2020 6:54,3G_KLK038,,,
7786,,Major,7/7/2020 6:53,TRUE,7/7/2020 6:54,3G_FTK004,,,
7706,,Major,7/7/2020 6:39,TRUE,7/7/2020 6:39,2G_FTK003,,,
7706,,Major,7/7/2020 6:38,TRUE,7/7/2020 6:39,2G_DBL006,,,
7706,,Major,7/7/2020 6:38,TRUE,7/7/2020 6:38,2G_KLK004,,,
7706,,Major,7/7/2020 6:38,TRUE,7/7/2020 6:39,2G_KLK002,,,
7706,,Major,7/7/2020 6:38,TRUE,7/7/2020 6:38,2G_KLK006,,,
7706,,Major,7/7/2020 6:38,TRUE,7/7/2020 6:38,2G_FTK004,,,
7706,,Major,7/7/2020 6:38,TRUE,7/7/2020 6:39,2G_KLK040,,,
7706,,Major,7/7/2020 6:38,TRUE,7/7/2020 6:38,2G_KLK001,,,
7706,,Major,7/7/2020 6:38,TRUE,7/7/2020 6:38,2G_KLK003,,,
7706,,Major,7/7/2020 6:38,TRUE,7/7/2020 6:38,2G_KLK038,,,
7706,,Major,7/7/2020 6:38,TRUE,7/7/2020 6:39,2G_KLK039,,,
7786,,Major,7/7/2020 6:38,TRUE,7/7/2020 6:39,3G_KLK039,,,
7786,,Major,7/7/2020 6:38,TRUE,7/7/2020 6:39,3G_FTK003,,,
7786,,Major,7/7/2020 6:38,TRUE,7/7/2020 6:39,3G_KLK040,,,
7786,,Major,7/7/2020 6:38,TRUE,7/7/2020 6:39,3G_FTK004,,,
7786,,Major,7/7/2020 6:38,TRUE,7/7/2020 6:39,3G_KLK038,,,
7786,,Major,7/7/2020 6:38,TRUE,7/7/2020 6:39,3G_KLK002,,,
7786,,Major,7/7/2020 6:38,TRUE,7/7/2020 6:39,3G_KLK006,,,
7786,,Major,7/7/2020 6:37,TRUE,7/7/2020 6:39,3G_KLK003,,,
7786,,Major,7/7/2020 6:37,TRUE,7/7/2020 6:39,3G_KLK004,,,
7786,,Major,7/7/2020 6:36,TRUE,7/7/2020 6:37,3G_KLK039,,,
7786,,Major,7/7/2020 6:36,TRUE,7/7/2020 6:37,3G_FTK003,,,
7786,,Major,7/7/2020 6:36,TRUE,7/7/2020 6:37,3G_KLK003,,,
7786,,Major,7/7/2020 6:36,TRUE,7/7/2020 6:37,3G_KLK038,,,
7786,,Major,7/7/2020 6:36,TRUE,7/7/2020 6:37,3G_KLK040,,,
7786,,Major,7/7/2020 6:36,TRUE,7/7/2020 6:39,3G_KLK001,,,
7706,,Major,7/7/2020 6:34,TRUE,7/7/2020 6:34,2G_KLK003,,,
7706,,Major,7/7/2020 6:34,TRUE,7/7/2020 6:35,2G_KLK039,,,
7786,,Major,7/7/2020 6:34,TRUE,7/7/2020 6:34,3G_KLK038,,,
7786,,Major,7/7/2020 6:33,TRUE,7/7/2020 6:34,3G_KLK003,,,
7786,,Major,7/7/2020 6:33,TRUE,7/7/2020 6:34,3G_FTK003,,,
7786,,Major,7/7/2020 6:33,TRUE,7/7/2020 6:34,3G_KLK040,,,
7786,,Major,7/7/2020 6:33,TRUE,7/7/2020 6:34,3G_KLK039,,,
7786,,Major,7/7/2020 6:33,TRUE,7/7/2020 6:34,3G_KLK004,,,
7786,,Major,7/7/2020 6:33,TRUE,7/7/2020 6:34,3G_KLK001,,,
7786,,Major,7/7/2020 6:33,TRUE,7/7/2020 6:34,3G_FTK004,,,
7786,,Major,7/7/2020 6:33,TRUE,7/7/2020 6:35,3G_KLK002,,,
7786,,Major,7/7/2020 6:32,TRUE,7/7/2020 6:33,3G_KLK002,,,
7786,,Major,7/7/2020 6:32,TRUE,7/7/2020 6:33,3G_KLK040,,,
7706,,Major,7/7/2020 6:32,TRUE,7/7/2020 6:32,2G_FTK004,,,
7706,,Major,7/7/2020 6:32,TRUE,7/7/2020 6:32,2G_KLK040,,,
7786,,Major,7/7/2020 6:32,TRUE,7/7/2020 6:33,3G_KLK039,,,
7786,,Major,7/7/2020 6:32,TRUE,7/7/2020 6:33,3G_KLK003,,,
7786,,Major,7/7/2020 6:32,TRUE,7/7/2020 6:32,3G_KLK001,,,
7786,,Major,7/7/2020 6:32,TRUE,7/7/2020 6:33,3G_KLK038,,,
7786,,Major,7/7/2020 6:32,TRUE,7/7/2020 6:32,3G_KLK040,,,
7786,,Major,7/7/2020 6:31,TRUE,7/7/2020 6:31,3G_KLK001,,,
7706,,Major,7/7/2020 6:29,TRUE,7/7/2020 6:29,2G_KLK040,,,
7706,,Major,7/7/2020 6:29,TRUE,7/7/2020 6:29,2G_KLK003,,,
7706,,Major,7/7/2020 6:29,TRUE,7/7/2020 6:29,2G_KLK004,,,
7706,,Major,7/7/2020 6:29,TRUE,7/7/2020 6:29,2G_KLK038,,,
7706,,Major,7/7/2020 6:29,TRUE,7/7/2020 6:29,2G_KLK006,,,
7706,,Major,7/7/2020 6:29,TRUE,7/7/2020 6:29,2G_FTK003,,,
7786,,Major,7/7/2020 6:29,TRUE,7/7/2020 6:29,3G_KLK038,,,
7786,,Major,7/7/2020 6:28,TRUE,7/7/2020 6:29,3G_KLK004,,,
7786,,Major,7/7/2020 6:28,TRUE,7/7/2020 6:29,3G_KLK040,,,
7706,,Major,7/7/2020 6:28,TRUE,7/7/2020 6:28,2G_KLK002,,,
7706,,Major,7/7/2020 6:28,TRUE,7/7/2020 6:29,2G_KLK003,,,
7706,,Major,7/7/2020 6:28,TRUE,7/7/2020 6:29,2G_FTK004,,,
7706,,Major,7/7/2020 6:28,TRUE,7/7/2020 6:28,2G_DBL006,,,
7706,,Major,7/7/2020 6:28,TRUE,7/7/2020 6:29,2G_KLK001,,,
7786,,Major,7/7/2020 6:28,TRUE,7/7/2020 6:29,3G_KLK039,,,
7706,,Major,7/7/2020 6:16,TRUE,7/7/2020 6:16,2G_KLK003,,,
7706,,Major,7/7/2020 6:16,TRUE,7/7/2020 6:17,2G_KLK038,,,
7706,,Major,7/7/2020 6:16,TRUE,7/7/2020 6:16,2G_KLK006,,,
7706,,Major,7/7/2020 6:01,TRUE,7/7/2020 6:01,2G_KLK038,,,
7706,,Major,7/7/2020 6:01,TRUE,7/7/2020 6:01,2G_KLK003,,,
7706,,Major,7/7/2020 6:01,TRUE,7/7/2020 6:01,2G_KLK006,,,
7706,,Major,7/7/2020 6:01,TRUE,7/7/2020 6:01,2G_KLK039,,,
7706,,Major,7/7/2020 6:01,TRUE,7/7/2020 6:01,2G_KLK040,,,
7706,,Major,7/7/2020 6:01,TRUE,7/7/2020 6:01,2G_KLK001,,,
7706,,Major,7/7/2020 6:01,TRUE,7/7/2020 6:01,2G_KLK004,,,
7786,,Major,7/7/2020 6:01,TRUE,7/7/2020 6:01,3G_FTK004,,,
7786,,Major,7/7/2020 6:01,TRUE,7/7/2020 6:01,3G_KLK001,,,
7786,,Major,7/7/2020 6:01,TRUE,7/7/2020 6:01,3G_KLK040,,,
7786,,Major,7/7/2020 6:01,TRUE,7/7/2020 6:02,3G_KLK002,,,
7706,,Major,7/7/2020 5:40,TRUE,7/7/2020 5:40,2G_KLK003,,,
7706,,Major,7/7/2020 3:39,TRUE,7/7/2020 15:35,2G_ZG004,,,
7786,,Major,7/7/2020 3:39,TRUE,7/7/2020 15:36,3G_ZG004,,,
7706,,Major,7/7/2020 1:36,TRUE,7/7/2020 1:36,2G_DBL006,,,
7706,,Major,7/7/2020 1:36,TRUE,7/7/2020 1:36,2G_KLK004,,,
7706,,Major,7/7/2020 1:36,TRUE,7/7/2020 1:36,2G_KLK006,,,
7706,,Major,7/6/2020 22:45,TRUE,7/6/2020 22:45,2G_KLK001,,,
7706,,Major,7/6/2020 21:49,TRUE,7/6/2020 21:49,2G_ZG052,,,
7706,,Major,7/6/2020 21:47,TRUE,7/6/2020 21:47,2G_ZG028,,,
7706,,Major,7/6/2020 21:47,TRUE,7/6/2020 21:47,2G_ZG001,,,
7706,,Major,7/6/2020 18:42,TRUE,7/6/2020 18:42,2G_KLK022,,,
7706,,Major,7/6/2020 18:28,TRUE,7/6/2020 18:32,2G_KLK022,,,
7706,,Major,7/6/2020 18:28,TRUE,7/6/2020 18:28,2G_KLK022,,,
7706,,Major,7/6/2020 18:21,TRUE,7/7/2020 12:24,2G_KLK014,,,
7706,,Major,7/6/2020 18:17,TRUE,7/6/2020 18:19,2G_KLK014,,,
7786,,Major,7/6/2020 18:16,TRUE,7/7/2020 12:25,3G_KLK014,,,
7706,,Major,7/6/2020 18:06,TRUE,7/7/2020 7:26,2G_KLK023,,,
7706,,Major,7/6/2020 18:05,TRUE,7/6/2020 18:13,2G_KLK014,,,
7786,,Major,7/6/2020 18:05,TRUE,7/6/2020 18:15,3G_KLK014,,,
7706,,Major,7/6/2020 17:46,TRUE,7/6/2020 21:32,2G_KLK021,,,
7786,,Major,7/6/2020 17:45,TRUE,7/6/2020 21:33,3G_KLK021,,,
7706,,Major,7/6/2020 17:23,TRUE,7/6/2020 17:33,2G_KLK042,,,
7706,,Major,7/6/2020 17:22,TRUE,7/6/2020 17:32,2G_KLK043,,,
7706,,Major,7/6/2020 17:22,TRUE,7/6/2020 17:31,2G_KLK036,,,
7706,,Major,7/6/2020 17:22,TRUE,7/6/2020 17:31,2G_KLK047,,,
7706,,Major,7/6/2020 17:22,TRUE,7/6/2020 17:31,2G_KLK048,,,
7706,,Major,7/6/2020 17:22,TRUE,7/6/2020 17:32,2G_KLK016,,,
7786,,Major,7/6/2020 17:22,TRUE,7/6/2020 17:32,3G_KLK016,,,
7706,,Major,7/6/2020 17:19,TRUE,7/6/2020 17:20,2G_KLK004,,,
7706,,Major,7/6/2020 17:19,TRUE,7/6/2020 17:19,2G_KLK003,,,
7706,,Major,7/6/2020 17:19,TRUE,7/6/2020 17:19,2G_KLK040,,,
7706,,Major,7/6/2020 17:19,TRUE,7/6/2020 17:19,2G_DBL006,,,
7706,,Major,7/6/2020 17:19,TRUE,7/6/2020 17:19,2G_KLK006,,,
7706,,Major,7/6/2020 17:19,TRUE,7/6/2020 17:19,2G_KLK002,,,
7706,,Major,7/6/2020 17:19,TRUE,7/6/2020 17:19,2G_KLK038,,,
7706,,Major,7/6/2020 17:19,TRUE,7/6/2020 17:19,2G_KLK039,,,
7706,,Major,7/6/2020 17:19,TRUE,7/6/2020 17:19,2G_KLK001,,,
7786,,Major,7/6/2020 17:19,TRUE,7/6/2020 17:20,3G_KLK040,,,
7786,,Major,7/6/2020 17:19,TRUE,7/6/2020 17:20,3G_FTK003,,,
7706,,Major,7/6/2020 17:12,TRUE,7/6/2020 17:12,2G_KLK020,,,
7706,,Major,7/6/2020 17:10,TRUE,7/6/2020 17:15,2G_KLK004,,,
7786,,Major,7/6/2020 17:10,TRUE,7/6/2020 17:15,3G_KLK004,,,
7706,,Major,7/6/2020 17:05,TRUE,7/6/2020 17:30,2G_KLK049,,,
7786,,Major,7/6/2020 17:05,TRUE,7/6/2020 17:31,3G_KLK049,,,
7706,,Major,7/6/2020 16:29,TRUE,7/6/2020 16:45,2G_KLK023,,,
7706,,Major,7/6/2020 15:23,TRUE,7/6/2020 15:23,2G_ZG051,,,
7706,,Major,7/6/2020 15:18,TRUE,7/6/2020 15:18,2G_ZG050,,,
7706,,Major,7/6/2020 15:12,TRUE,7/6/2020 15:12,2G_ZG004,,,
7706,,Major,7/6/2020 15:07,TRUE,7/6/2020 15:07,2G_ZG002,,,
7706,,Major,7/6/2020 14:57,TRUE,7/6/2020 14:57,2G_ZG001,,,
7706,,Major,7/6/2020 14:24,TRUE,7/6/2020 14:24,2G_ZG051,,,
7706,,Major,7/6/2020 14:17,TRUE,7/6/2020 14:17,2G_ZG050,,,
7706,,Major,7/6/2020 14:14,TRUE,7/6/2020 14:14,2G_ZG028,,,
7706,,Major,7/6/2020 13:54,TRUE,7/6/2020 13:54,2G_ZG004,,,
7706,,Major,7/6/2020 13:51,TRUE,7/6/2020 13:51,2G_ZG002,,,
7706,,Major,7/6/2020 13:36,TRUE,7/6/2020 13:36,2G_ZG001,,,
7706,,Major,7/6/2020 10:44,TRUE,7/6/2020 10:44,2G_ZG050,,,
7706,,Major,7/6/2020 10:15,TRUE,7/6/2020 10:15,2G_ZG028,,,
7706,,Major,7/6/2020 1:27,TRUE,7/6/2020 1:28,2G_KLK020,,,
7706,,Major,7/6/2020 1:23,TRUE,7/6/2020 1:25,2G_KLK020,,,
7706,,Major,7/5/2020 22:50,TRUE,7/6/2020 14:34,2G_ZG052,,,
7706,,Major,7/5/2020 20:23,TRUE,7/5/2020 20:25,2G_KLK014,,,
7786,,Major,7/5/2020 20:23,TRUE,7/5/2020 20:26,3G_KLK014,,,
7786,,Major,7/5/2020 20:18,TRUE,7/5/2020 20:20,3G_KLK014,,,
7786,,Major,7/5/2020 20:17,TRUE,7/5/2020 20:18,3G_KLK014,,,
7786,,Major,7/5/2020 20:07,TRUE,7/5/2020 20:09,3G_KLK014,,,
7706,,Major,7/5/2020 18:48,TRUE,7/6/2020 8:12,2G_KLK023,,,
7706,,Major,7/5/2020 15:19,TRUE,7/5/2020 15:20,2G_FTK004,,,
7706,,Major,7/5/2020 15:05,TRUE,7/5/2020 15:05,2G_DBL006,,,
7706,,Major,7/5/2020 15:05,TRUE,7/5/2020 15:05,2G_KLK002,,,
7706,,Major,7/5/2020 15:05,TRUE,7/5/2020 15:05,2G_KLK004,,,
7706,,Major,7/5/2020 15:05,TRUE,7/5/2020 15:05,2G_FTK003,,,
7706,,Major,7/5/2020 15:05,TRUE,7/5/2020 15:05,2G_KLK001,,,
7706,,Major,7/5/2020 15:05,TRUE,7/5/2020 15:05,2G_KLK039,,,
7706,,Major,7/5/2020 15:05,TRUE,7/5/2020 15:05,2G_KLK006,,,
7706,,Major,7/5/2020 15:05,TRUE,7/5/2020 15:05,2G_KLK003,,,
7706,,Major,7/5/2020 12:48,TRUE,7/5/2020 12:48,2G_KLK039,,,
7786,,Major,7/5/2020 12:47,TRUE,7/5/2020 12:48,3G_KLK040,,,
7786,,Major,7/5/2020 12:47,TRUE,7/5/2020 12:48,3G_KLK003,,,
7706,,Major,7/5/2020 12:39,TRUE,7/5/2020 12:39,2G_DBL006,,,
7706,,Major,7/5/2020 8:51,TRUE,7/5/2020 8:53,2G_KLK020,,,
7706,,Major,7/5/2020 8:50,TRUE,7/5/2020 8:51,2G_KLK020,,,
7706,,Major,7/5/2020 8:39,TRUE,7/5/2020 8:40,2G_KLK020,,,
7706,,Major,7/5/2020 8:37,TRUE,7/5/2020 8:38,2G_KLK020,,,
7706,,Major,7/5/2020 8:36,TRUE,7/5/2020 8:36,2G_KLK020,,,
7706,,Major,7/5/2020 8:34,TRUE,7/5/2020 8:35,2G_KLK020,,,
7706,,Major,7/5/2020 8:30,TRUE,7/5/2020 8:32,2G_KLK020,,,
7706,,Major,7/5/2020 8:29,TRUE,7/5/2020 8:30,2G_KLK020,,,
7706,,Major,7/5/2020 8:27,TRUE,7/5/2020 8:27,2G_KLK020,,,
7706,,Major,7/5/2020 8:25,TRUE,7/5/2020 8:26,2G_KLK020,,,
7706,,Major,7/5/2020 8:20,TRUE,7/5/2020 8:20,2G_KLK020,,,
7706,,Major,7/5/2020 8:18,TRUE,7/5/2020 8:19,2G_KLK020,,,
7706,,Major,7/5/2020 8:13,TRUE,7/5/2020 8:14,2G_KLK020,,,
7706,,Major,7/5/2020 8:11,TRUE,7/5/2020 8:11,2G_KLK020,,,
7706,,Major,7/5/2020 8:08,TRUE,7/5/2020 8:08,2G_KLK020,,,
7706,,Major,7/5/2020 8:03,TRUE,7/5/2020 8:03,2G_KLK020,,,
7706,,Major,7/5/2020 8:01,TRUE,7/5/2020 8:02,2G_KLK020,,,
7786,,Major,7/5/2020 7:20,TRUE,7/5/2020 7:21,3G_KLK014,,,
7786,,Major,7/5/2020 7:17,TRUE,7/5/2020 7:18,3G_KLK014,,,
7706,,Major,7/5/2020 3:22,TRUE,7/5/2020 3:22,2G_KLK048,,,
7706,,Major,7/5/2020 2:48,TRUE,7/5/2020 2:49,2G_KLK048,,,
7706,,Major,7/5/2020 2:43,TRUE,7/5/2020 2:43,2G_KLK048,,,
7706,,Major,7/5/2020 2:20,TRUE,7/5/2020 2:21,2G_KLK020,,,
7786,,Major,7/5/2020 2:16,TRUE,7/5/2020 2:17,3G_KLK014,,,
7706,,Major,7/5/2020 2:14,TRUE,7/5/2020 2:14,2G_KLK020,,,
7706,,Major,7/5/2020 2:10,TRUE,7/5/2020 2:11,2G_KLK020,,,
7706,,Major,7/5/2020 2:03,TRUE,7/5/2020 2:03,2G_KLK020,,,
7706,,Major,7/5/2020 2:02,TRUE,7/5/2020 2:02,2G_KLK020,,,
7706,,Major,7/5/2020 2:01,TRUE,7/5/2020 2:01,2G_KLK020,,,
7706,,Major,7/5/2020 1:57,TRUE,7/5/2020 1:57,2G_KLK020,,,
7706,,Major,7/5/2020 1:53,TRUE,7/5/2020 1:53,2G_KLK020,,,
7706,,Major,7/5/2020 1:49,TRUE,7/5/2020 1:50,2G_KLK020,,,
7706,,Major,7/5/2020 1:48,TRUE,7/5/2020 1:49,2G_KLK020,,,
7706,,Major,7/5/2020 1:46,TRUE,7/5/2020 1:46,2G_KLK020,,,
7706,,Major,7/5/2020 1:45,TRUE,7/5/2020 1:45,2G_KLK020,,,
7706,,Major,7/5/2020 1:44,TRUE,7/5/2020 1:44,2G_KLK020,,,
7706,,Major,7/5/2020 1:43,TRUE,7/5/2020 1:43,2G_KLK020,,,
7706,,Major,7/5/2020 1:41,TRUE,7/5/2020 1:41,2G_KLK020,,,
7706,,Major,7/5/2020 1:37,TRUE,7/5/2020 1:38,2G_KLK020,,,
7706,,Major,7/5/2020 1:35,TRUE,7/5/2020 1:36,2G_KLK020,,,
7706,,Major,7/5/2020 1:31,TRUE,7/5/2020 1:32,2G_KLK020,,,
7706,,Major,7/5/2020 1:30,TRUE,7/5/2020 1:30,2G_KLK020,,,
7706,,Major,7/5/2020 1:28,TRUE,7/5/2020 1:29,2G_KLK020,,,
7706,,Major,7/5/2020 1:27,TRUE,7/5/2020 1:27,2G_KLK020,,,
7706,,Major,7/5/2020 1:24,TRUE,7/5/2020 1:24,2G_KLK020,,,
7706,,Major,7/5/2020 1:22,TRUE,7/5/2020 1:23,2G_KLK020,,,
7706,,Major,7/5/2020 1:20,TRUE,7/5/2020 1:21,2G_KLK020,,,
7706,,Major,7/5/2020 1:13,TRUE,7/5/2020 1:13,2G_KLK020,,,
7706,,Major,7/5/2020 1:08,TRUE,7/5/2020 1:08,2G_KLK020,,,
7706,,Major,7/5/2020 1:07,TRUE,7/5/2020 1:07,2G_KLK020,,,
7706,,Major,7/5/2020 1:04,TRUE,7/5/2020 1:04,2G_KLK020,,,
7706,,Major,7/5/2020 0:31,TRUE,7/5/2020 0:32,2G_KLK020,,,
7706,,Major,7/5/2020 0:29,TRUE,7/5/2020 0:30,2G_KLK020,,,
7706,,Major,7/5/2020 0:26,TRUE,7/5/2020 0:26,2G_KLK020,,,
7706,,Major,7/5/2020 0:21,TRUE,7/5/2020 0:22,2G_KLK020,,,
7706,,Major,7/5/2020 0:17,TRUE,7/5/2020 0:17,2G_KLK020,,,
7706,,Major,7/5/2020 0:14,TRUE,7/5/2020 0:14,2G_KLK020,,,
7706,,Major,7/5/2020 0:05,TRUE,7/5/2020 0:05,2G_KLK020,,,
7706,,Major,7/5/2020 0:00,TRUE,7/5/2020 0:01,2G_KLK020,,,
7706,,Major,7/4/2020 23:58,TRUE,7/4/2020 23:58,2G_KLK020,,,
7706,,Major,7/4/2020 23:52,TRUE,7/4/2020 23:52,2G_KLK020,,,
7706,,Major,7/4/2020 23:42,TRUE,7/4/2020 23:42,2G_KLK020,,,
7706,,Major,7/4/2020 23:41,TRUE,7/4/2020 23:41,2G_KLK047,,,
7706,,Major,7/4/2020 23:41,TRUE,7/4/2020 23:41,2G_KLK020,,,
7706,,Major,7/4/2020 23:38,TRUE,7/4/2020 23:39,2G_KLK020,,,
7706,,Major,7/4/2020 23:35,TRUE,7/4/2020 23:36,2G_KLK020,,,
7706,,Major,7/4/2020 23:33,TRUE,7/4/2020 23:35,2G_KLK020,,,
7706,,Major,7/4/2020 23:32,TRUE,7/4/2020 23:32,2G_KLK020,,,
7706,,Major,7/4/2020 23:31,TRUE,7/4/2020 23:31,2G_KLK020,,,
7706,,Major,7/4/2020 23:29,TRUE,7/4/2020 23:30,2G_KLK020,,,
7706,,Major,7/4/2020 23:28,TRUE,7/4/2020 23:28,2G_KLK020,,,
7706,,Major,7/4/2020 23:25,TRUE,7/4/2020 23:26,2G_KLK020,,,
7706,,Major,7/4/2020 23:20,TRUE,7/4/2020 23:20,2G_KLK020,,,
7706,,Major,7/4/2020 23:19,TRUE,7/4/2020 23:19,2G_KLK020,,,
7706,,Major,7/4/2020 23:17,TRUE,7/4/2020 23:18,2G_KLK020,,,
7706,,Major,7/4/2020 23:15,TRUE,7/4/2020 23:16,2G_KLK020,,,
7706,,Major,7/4/2020 23:13,TRUE,7/4/2020 23:14,2G_KLK020,,,
7706,,Major,7/4/2020 23:11,TRUE,7/4/2020 23:12,2G_KLK020,,,
7706,,Major,7/4/2020 23:09,TRUE,7/4/2020 23:10,2G_KLK020,,,
7706,,Major,7/4/2020 23:08,TRUE,7/4/2020 23:09,2G_KLK020,,,
7706,,Major,7/4/2020 23:07,TRUE,7/4/2020 23:07,2G_KLK020,,,
7706,,Major,7/4/2020 23:04,TRUE,7/4/2020 23:04,2G_KLK020,,,
7706,,Major,7/4/2020 23:00,TRUE,7/4/2020 23:02,2G_KLK020,,,
7706,,Major,7/4/2020 22:58,TRUE,7/4/2020 22:59,2G_KLK020,,,
7706,,Major,7/4/2020 22:56,TRUE,7/4/2020 22:58,2G_KLK020,,,
7706,,Major,7/4/2020 22:53,TRUE,7/4/2020 22:55,2G_KLK020,,,
7706,,Major,7/4/2020 22:52,TRUE,7/4/2020 22:53,2G_KLK020,,,
7706,,Major,7/4/2020 22:46,TRUE,7/4/2020 22:47,2G_KLK020,,,
7706,,Major,7/4/2020 22:44,TRUE,7/4/2020 22:46,2G_KLK020,,,
7706,,Major,7/4/2020 22:42,TRUE,7/4/2020 22:42,2G_KLK020,,,
7706,,Major,7/4/2020 22:39,TRUE,7/4/2020 22:41,2G_KLK020,,,
7706,,Major,7/4/2020 22:36,TRUE,7/4/2020 22:36,2G_KLK020,,,
7706,,Major,7/4/2020 22:27,TRUE,7/4/2020 22:29,2G_KLK020,,,
7706,,Major,7/4/2020 22:24,TRUE,7/4/2020 22:25,2G_KLK020,,,
7706,,Major,7/4/2020 22:23,TRUE,7/4/2020 22:24,2G_KLK020,,,
7706,,Major,7/4/2020 22:23,TRUE,7/4/2020 22:23,2G_KLK020,,,
7706,,Major,7/4/2020 22:22,TRUE,7/4/2020 22:22,2G_KLK020,,,
7706,,Major,7/4/2020 22:19,TRUE,7/4/2020 22:20,2G_KLK020,,,
7706,,Major,7/4/2020 22:17,TRUE,7/4/2020 22:18,2G_KLK020,,,
7706,,Major,7/4/2020 22:16,TRUE,7/4/2020 22:16,2G_KLK020,,,
7706,,Major,7/4/2020 22:14,TRUE,7/4/2020 22:15,2G_KLK020,,,
7706,,Major,7/4/2020 22:13,TRUE,7/4/2020 22:13,2G_KLK020,,,
7706,,Major,7/4/2020 22:08,TRUE,7/4/2020 22:11,2G_KLK020,,,
7706,,Major,7/4/2020 22:01,TRUE,7/4/2020 22:05,2G_KLK020,,,
7706,,Major,7/4/2020 21:57,TRUE,7/4/2020 21:57,2G_KLK020,,,
7706,,Major,7/4/2020 21:55,TRUE,7/4/2020 21:55,2G_KLK020,,,
7706,,Major,7/4/2020 21:53,TRUE,7/4/2020 21:54,2G_KLK020,,,
7706,,Major,7/4/2020 21:50,TRUE,7/4/2020 21:51,2G_KLK020,,,
7706,,Major,7/4/2020 21:48,TRUE,7/4/2020 21:49,2G_KLK020,,,
7706,,Major,7/4/2020 21:47,TRUE,7/4/2020 21:47,2G_KLK020,,,
7706,,Major,7/4/2020 21:44,TRUE,7/4/2020 21:45,2G_KLK020,,,
7706,,Major,7/4/2020 21:43,TRUE,7/4/2020 21:44,2G_KLK020,,,
7706,,Major,7/4/2020 21:42,TRUE,7/4/2020 21:42,2G_KLK020,,,
7706,,Major,7/4/2020 21:41,TRUE,7/4/2020 21:41,2G_KLK020,,,
7706,,Major,7/4/2020 21:39,TRUE,7/4/2020 21:40,2G_KLK020,,,
7706,,Major,7/4/2020 21:37,TRUE,7/4/2020 21:38,2G_KLK020,,,
7706,,Major,7/4/2020 21:31,TRUE,7/4/2020 21:33,2G_KLK020,,,
7706,,Major,7/4/2020 21:29,TRUE,7/4/2020 21:29,2G_KLK020,,,
7706,,Major,7/4/2020 21:28,TRUE,7/4/2020 21:29,2G_KLK020,,,
7706,,Major,7/4/2020 21:26,TRUE,7/4/2020 21:27,2G_KLK020,,,
7706,,Major,7/4/2020 21:20,TRUE,7/4/2020 21:21,2G_KLK020,,,
7706,,Major,7/4/2020 21:18,TRUE,7/4/2020 21:18,2G_KLK020,,,
7706,,Major,7/4/2020 21:15,TRUE,7/4/2020 21:16,2G_KLK020,,,
7706,,Major,7/4/2020 21:09,TRUE,7/4/2020 21:09,2G_KLK020,,,
7706,,Major,7/4/2020 21:05,TRUE,7/4/2020 21:06,2G_KLK020,,,
7706,,Major,7/4/2020 21:03,TRUE,7/4/2020 21:03,2G_KLK020,,,
7706,,Major,7/4/2020 20:48,TRUE,7/4/2020 20:48,2G_KLK020,,,
7706,,Major,7/4/2020 20:35,TRUE,7/4/2020 20:35,2G_KLK020,,,
7706,,Major,7/4/2020 20:33,TRUE,7/4/2020 20:34,2G_KLK020,,,
7706,,Major,7/4/2020 20:32,TRUE,7/4/2020 20:32,2G_KLK020,,,
7706,,Major,7/4/2020 20:28,TRUE,7/4/2020 20:28,2G_KLK020,,,
7706,,Major,7/4/2020 20:27,TRUE,7/4/2020 20:27,2G_KLK020,,,
7706,,Major,7/4/2020 20:25,TRUE,7/4/2020 20:25,2G_KLK020,,,
7706,,Major,7/4/2020 18:45,TRUE,7/5/2020 7:29,2G_KLK023,,,
7706,,Major,7/4/2020 13:19,TRUE,7/4/2020 13:21,2G_ZG002,,,
7786,,Major,7/4/2020 13:18,TRUE,7/4/2020 13:21,3G_ZG002,,,
7706,,Major,7/4/2020 12:38,TRUE,7/4/2020 12:38,2G_KLK047,,,
7706,,Major,7/4/2020 12:35,TRUE,7/4/2020 12:40,2G_ZG050,,,
7786,,Major,7/4/2020 12:34,TRUE,7/4/2020 12:41,3G_ZG050,,,
7706,,Major,7/4/2020 12:15,TRUE,7/4/2020 12:15,2G_KLK047,,,
7706,,Major,7/4/2020 8:19,TRUE,7/4/2020 8:19,2G_FTK003,,,
7706,,Major,7/4/2020 8:19,TRUE,7/4/2020 8:19,2G_KLK001,,,
7706,,Major,7/4/2020 8:18,TRUE,7/4/2020 8:18,2G_KLK039,,,
7706,,Major,7/4/2020 8:18,TRUE,7/4/2020 8:19,2G_KLK003,,,
7706,,Major,7/4/2020 8:18,TRUE,7/4/2020 8:19,2G_KLK040,,,
7706,,Major,7/4/2020 8:18,TRUE,7/4/2020 8:19,2G_KLK038,,,
7706,,Major,7/4/2020 8:18,TRUE,7/4/2020 8:19,2G_KLK006,,,
7706,,Major,7/4/2020 8:18,TRUE,7/4/2020 8:19,2G_KLK004,,,
7786,,Major,7/4/2020 8:18,TRUE,7/4/2020 8:19,3G_KLK006,,,
7786,,Major,7/4/2020 5:45,TRUE,7/4/2020 5:46,3G_KLK014,,,
7786,,Major,7/4/2020 5:39,TRUE,7/4/2020 5:40,3G_KLK014,,,
7706,,Major,7/4/2020 4:11,TRUE,7/4/2020 14:16,2G_KLK042,,,
7706,,Major,7/4/2020 3:29,TRUE,7/4/2020 3:30,2G_DBL006,,,
7706,,Major,7/4/2020 3:27,TRUE,7/4/2020 3:27,2G_KLK040,,,
7706,,Major,7/4/2020 3:23,TRUE,7/4/2020 3:23,2G_DBL006,,,
7706,,Major,7/4/2020 2:26,TRUE,7/4/2020 2:27,2G_DBL006,,,
7706,,Major,7/4/2020 1:51,TRUE,7/4/2020 1:51,2G_DBL006,,,
7706,,Major,7/4/2020 1:49,TRUE,7/4/2020 1:50,2G_DBL006,,,
7706,,Major,7/4/2020 1:48,TRUE,7/4/2020 1:49,2G_DBL006,,,
7706,,Major,7/4/2020 0:49,TRUE,7/4/2020 0:50,2G_DBL006,,,
7706,,Major,7/4/2020 0:37,TRUE,7/4/2020 0:37,2G_DBL006,,,
7706,,Major,7/4/2020 0:34,TRUE,7/4/2020 0:36,2G_DBL006,,,
7706,,Major,7/4/2020 0:33,TRUE,7/4/2020 0:34,2G_DBL006,,,
7706,,Major,7/4/2020 0:31,TRUE,7/4/2020 0:32,2G_DBL006,,,
7706,,Major,7/4/2020 0:29,TRUE,7/4/2020 0:30,2G_DBL006,,,
7706,,Major,7/4/2020 0:27,TRUE,7/4/2020 0:29,2G_DBL006,,,
7706,,Major,7/3/2020 20:25,TRUE,7/3/2020 20:26,2G_KLK014,,,
7786,,Major,7/3/2020 20:24,TRUE,7/3/2020 20:28,3G_KLK014,,,
7706,,Major,7/3/2020 20:21,TRUE,7/3/2020 20:24,2G_ZG002,,,
7706,,Major,7/3/2020 20:21,TRUE,7/3/2020 21:05,2G_ZG050,,,
7786,,Major,7/3/2020 20:21,TRUE,7/3/2020 20:24,3G_ZG002,,,
7786,,Major,7/3/2020 20:21,TRUE,7/3/2020 21:06,3G_ZG050,,,
7786,,Major,7/3/2020 20:20,TRUE,7/3/2020 20:22,3G_KLK014,,,
7786,,Major,7/3/2020 20:17,TRUE,7/3/2020 20:18,3G_KLK014,,,
7706,,Major,7/3/2020 19:04,TRUE,7/3/2020 19:04,2G_KLK013,,,
7706,,Major,7/3/2020 19:04,TRUE,7/3/2020 19:04,2G_KLK019,,,
7706,,Major,7/3/2020 19:04,TRUE,7/3/2020 19:04,2G_KLK046,,,
7706,,Major,7/3/2020 19:04,TRUE,7/3/2020 19:04,2G_KLK026,,,
7706,,Major,7/3/2020 19:04,TRUE,7/3/2020 19:04,2G_KLK016,,,
7706,,Major,7/3/2020 19:04,TRUE,7/3/2020 19:04,2G_KLK036,,,
7706,,Major,7/3/2020 19:04,TRUE,7/3/2020 19:04,2G_KLK048,,,
7706,,Major,7/3/2020 19:04,TRUE,7/3/2020 19:04,2G_KLK021,,,
7706,,Major,7/3/2020 19:04,TRUE,7/3/2020 19:04,2G_KLK007,,,
7706,,Major,7/3/2020 19:04,TRUE,7/3/2020 19:04,2G_KLK022,,,
7706,,Major,7/3/2020 19:04,TRUE,7/3/2020 19:04,2G_KLK025,,,
7706,,Major,7/3/2020 19:04,TRUE,7/3/2020 19:04,2G_KLK009,,,
7706,,Major,7/3/2020 19:03,TRUE,7/3/2020 19:04,2G_KLK018,,,
7706,,Major,7/3/2020 19:03,TRUE,7/3/2020 19:04,2G_KLK043,,,
7706,,Major,7/3/2020 19:03,TRUE,7/3/2020 19:04,2G_KLK008,,,
7706,,Major,7/3/2020 19:03,TRUE,7/3/2020 19:04,2G_KLK011,,,
7706,,Major,7/3/2020 19:03,TRUE,7/3/2020 19:04,2G_KLK024,,,
7706,,Major,7/3/2020 19:03,TRUE,7/3/2020 19:04,2G_KLK047,,,
7706,,Major,7/3/2020 19:03,TRUE,7/3/2020 19:04,2G_KLK012,,,
7706,,Major,7/3/2020 19:03,TRUE,7/3/2020 19:04,2G_KLK042,,,
7706,,Major,7/3/2020 19:03,TRUE,7/3/2020 19:04,2G_KLK020,,,
7786,,Major,7/3/2020 19:03,TRUE,7/3/2020 19:04,3G_KLK021,,,
7786,,Major,7/3/2020 19:03,TRUE,7/3/2020 19:04,3G_KLK016,,,
7706,,Major,7/3/2020 18:39,TRUE,7/4/2020 7:29,2G_KLK023,,,
7706,,Major,7/3/2020 18:13,TRUE,7/3/2020 18:13,2G_ZG028,,,
7706,,Major,7/3/2020 13:55,TRUE,7/3/2020 13:55,2G_KLK048,,,
7706,,Major,7/3/2020 12:49,TRUE,7/3/2020 12:51,2G_KLK014,,,
7786,,Major,7/3/2020 12:48,TRUE,7/3/2020 12:52,3G_KLK014,,,
7786,,Major,7/3/2020 12:28,TRUE,7/3/2020 12:30,3G_KLK014,,,
7786,,Major,7/3/2020 12:25,TRUE,7/3/2020 12:27,3G_KLK014,,,
7706,,Major,7/3/2020 12:07,TRUE,7/3/2020 12:07,2G_KLK048,,,
7786,,Major,7/3/2020 11:27,TRUE,7/3/2020 11:28,3G_KLK014,,,
7706,,Major,7/3/2020 9:27,TRUE,7/3/2020 9:27,2G_KLK048,,,
7706,,Major,7/3/2020 8:50,TRUE,7/3/2020 8:51,2G_FTK005,,,
7706,,Major,7/3/2020 8:33,TRUE,7/3/2020 8:34,2G_KLK048,,,
7706,,Major,7/3/2020 8:20,TRUE,7/3/2020 8:20,2G_KLK048,,,
7706,,Major,7/3/2020 7:54,TRUE,7/3/2020 17:31,2G_KLK022,,,
7706,,Major,7/3/2020 7:53,TRUE,7/3/2020 7:53,2G_KLK048,,,
7706,,Major,7/3/2020 7:26,TRUE,7/3/2020 7:26,2G_KLK048,,,
7706,,Major,7/3/2020 6:23,TRUE,7/3/2020 6:23,2G_KLK048,,,
7786,,Major,7/3/2020 5:27,TRUE,7/3/2020 5:28,3G_KLK014,,,
7706,,Major,7/3/2020 5:07,TRUE,7/3/2020 5:09,2G_KLK014,,,
7786,,Major,7/3/2020 5:07,TRUE,7/3/2020 5:10,3G_KLK014,,,
7786,,Major,7/3/2020 5:03,TRUE,7/3/2020 5:04,3G_KLK014,,,
7786,,Major,7/3/2020 4:55,TRUE,7/3/2020 4:57,3G_KLK014,,,
7786,,Major,7/3/2020 4:50,TRUE,7/3/2020 4:51,3G_KLK014,,,
7706,,Major,7/3/2020 4:12,TRUE,7/3/2020 4:16,2G_KLK048,,,
7786,,Major,7/3/2020 1:52,TRUE,7/3/2020 1:53,3G_KLK014,,,
7706,,Major,7/3/2020 0:35,TRUE,7/3/2020 0:35,2G_ZG001,,,
7786,,Major,7/2/2020 23:31,TRUE,7/2/2020 23:33,3G_ZG028,,,
7786,,Major,7/2/2020 23:30,TRUE,7/2/2020 23:33,3G_ZG050,,,
7786,,Major,7/2/2020 23:30,TRUE,7/2/2020 23:33,3G_ZG004,,,
7786,,Major,7/2/2020 23:30,TRUE,7/2/2020 23:33,3G_ZG001,,,
7786,,Major,7/2/2020 23:30,TRUE,7/2/2020 23:33,3G_ZG002,,,
7786,,Major,7/2/2020 23:30,TRUE,7/2/2020 23:33,3G_ZG051,,,
7786,,Major,7/2/2020 23:24,TRUE,7/2/2020 23:25,3G_ZG004,,,
7786,,Major,7/2/2020 23:24,TRUE,7/2/2020 23:25,3G_ZG002,,,
7786,,Major,7/2/2020 23:24,TRUE,7/2/2020 23:25,3G_ZG051,,,
7786,,Major,7/2/2020 23:24,TRUE,7/2/2020 23:25,3G_ZG001,,,
7786,,Major,7/2/2020 23:24,TRUE,7/2/2020 23:25,3G_ZG050,,,
7706,,Major,7/2/2020 23:02,TRUE,7/2/2020 23:04,2G_KLK004,,,
7786,,Major,7/2/2020 23:01,TRUE,7/2/2020 23:05,3G_KLK004,,,
7706,,Major,7/2/2020 21:44,TRUE,7/2/2020 21:46,2G_KLK050,,,
7786,,Major,7/2/2020 21:44,TRUE,7/2/2020 21:47,3G_KLK050,,,
7786,,Major,7/2/2020 20:55,TRUE,7/2/2020 20:57,3G_KLK014,,,
7786,,Major,7/2/2020 19:59,TRUE,7/2/2020 20:00,3G_KLK014,,,
7706,,Major,7/2/2020 16:31,TRUE,7/2/2020 16:32,2G_KLK022,,,
7786,,Major,7/2/2020 12:44,TRUE,7/2/2020 12:46,3G_ZG028,,,
7706,,Major,7/2/2020 12:44,TRUE,7/2/2020 12:46,2G_ZG028,,,
7706,,Major,7/2/2020 10:47,TRUE,7/2/2020 10:47,2G_KLK048,,,
7706,,Major,7/2/2020 10:44,TRUE,7/2/2020 10:45,2G_KLK046,,,
7706,,Major,7/2/2020 10:44,TRUE,7/2/2020 10:45,2G_KLK019,,,
7706,,Major,7/2/2020 10:44,TRUE,7/2/2020 10:45,2G_KLK036,,,
7706,,Major,7/2/2020 10:44,TRUE,7/2/2020 10:44,2G_KLK047,,,
7706,,Major,7/2/2020 10:44,TRUE,7/2/2020 10:45,2G_KLK007,,,
7706,,Major,7/2/2020 10:44,TRUE,7/2/2020 10:45,2G_KLK025,,,
7706,,Major,7/2/2020 10:44,TRUE,7/2/2020 10:45,2G_KLK043,,,
7706,,Major,7/2/2020 10:44,TRUE,7/2/2020 10:45,2G_KLK012,,,
7706,,Major,7/2/2020 10:44,TRUE,7/2/2020 10:45,2G_KLK020,,,
7706,,Major,7/2/2020 10:44,TRUE,7/2/2020 10:44,2G_KLK048,,,
7786,,Major,7/2/2020 10:44,TRUE,7/2/2020 10:45,3G_KLK016,,,
7786,,Major,7/2/2020 10:44,TRUE,7/2/2020 10:45,3G_KLK021,,,
7706,,Major,7/2/2020 8:55,TRUE,7/2/2020 8:57,2G_KLK014,,,
7786,,Major,7/2/2020 8:55,TRUE,7/2/2020 8:58,3G_KLK014,,,
7786,,Major,7/2/2020 8:46,TRUE,7/2/2020 8:47,3G_KLK014,,,
7786,,Major,7/2/2020 8:42,TRUE,7/2/2020 8:43,3G_KLK014,,,
7786,,Major,7/2/2020 8:40,TRUE,7/2/2020 8:41,3G_KLK014,,,
7706,,Major,7/2/2020 7:36,TRUE,7/2/2020 8:28,2G_ZG050,,,
7786,,Major,7/2/2020 7:36,TRUE,7/2/2020 8:28,3G_ZG050,,,
7786,,Major,7/2/2020 6:17,TRUE,7/2/2020 6:19,3G_KLK014,,,
7786,,Major,7/2/2020 6:15,TRUE,7/2/2020 6:17,3G_KLK014,,,
7786,,Major,7/2/2020 6:10,TRUE,7/2/2020 6:11,3G_KLK014,,,
7706,,Major,7/2/2020 4:43,TRUE,7/2/2020 4:45,2G_KLK014,,,
7786,,Major,7/2/2020 4:42,TRUE,7/2/2020 4:46,3G_KLK014,,,
7786,,Major,7/2/2020 4:41,TRUE,7/2/2020 4:42,3G_KLK014,,,
7786,,Major,7/2/2020 4:36,TRUE,7/2/2020 4:37,3G_KLK014,,,
7786,,Major,7/2/2020 4:33,TRUE,7/2/2020 4:34,3G_KLK014,,,
7786,,Major,7/2/2020 2:39,TRUE,7/2/2020 2:40,3G_KLK014,,,
7786,,Major,7/2/2020 2:34,TRUE,7/2/2020 2:35,3G_KLK014,,,
7786,,Major,7/2/2020 1:35,TRUE,7/2/2020 1:36,3G_ZG001,,,
7706,,Major,7/2/2020 1:09,TRUE,7/2/2020 1:09,2G_DBL006,,,
7706,,Major,7/2/2020 1:09,TRUE,7/2/2020 1:09,2G_FTK004,,,
7706,,Major,7/2/2020 1:06,TRUE,7/2/2020 3:39,2G_KLK019,,,
7706,,Major,7/2/2020 1:04,TRUE,7/2/2020 22:16,2G_KLK006,,,
7786,,Major,7/2/2020 1:03,TRUE,7/2/2020 22:17,3G_KLK006,,,
7706,,Major,7/2/2020 0:53,TRUE,7/2/2020 0:53,2G_KLK003,,,
7706,,Major,7/1/2020 23:36,TRUE,7/2/2020 21:26,2G_KLK050,,,
7786,,Major,7/1/2020 23:35,TRUE,7/2/2020 21:27,3G_KLK050,,,
7706,,Major,7/1/2020 23:26,TRUE,7/1/2020 23:28,2G_KLK050,,,
7786,,Major,7/1/2020 23:25,TRUE,7/1/2020 23:29,3G_KLK050,,,
7706,,Major,7/1/2020 23:09,TRUE,7/1/2020 23:19,2G_KLK050,,,
7706,,Major,7/1/2020 22:23,TRUE,7/1/2020 22:27,2G_KLK031,,,
7706,,Major,7/1/2020 22:17,TRUE,7/1/2020 22:21,2G_KLK031,,,
7706,,Major,7/1/2020 22:16,TRUE,7/1/2020 22:16,2G_KLK031,,,
7706,,Major,7/1/2020 22:14,TRUE,7/1/2020 22:38,2G_KLK015,,,
7706,,Major,7/1/2020 22:14,TRUE,7/1/2020 22:38,2G_KLK037,,,
7706,,Major,7/1/2020 22:14,TRUE,7/1/2020 22:38,2G_KLK014,,,
7786,,Major,7/1/2020 22:13,TRUE,7/1/2020 22:39,3G_KLK014,,,
7706,,Major,7/1/2020 22:07,TRUE,7/1/2020 22:08,2G_KLK042,,,
7786,,Major,7/1/2020 21:48,TRUE,7/2/2020 1:01,3G_KLK006,,,
7706,,Major,7/1/2020 21:48,TRUE,7/1/2020 22:08,2G_KLK036,,,
7706,,Major,7/1/2020 21:48,TRUE,7/1/2020 22:08,2G_KLK047,,,
7706,,Major,7/1/2020 21:48,TRUE,7/1/2020 22:08,2G_KLK016,,,
7706,,Major,7/1/2020 21:48,TRUE,7/1/2020 22:08,2G_KLK048,,,
7706,,Major,7/1/2020 21:48,TRUE,7/1/2020 22:08,2G_KLK043,,,
7786,,Major,7/1/2020 21:48,TRUE,7/1/2020 22:08,3G_KLK016,,,
7706,,Major,7/1/2020 21:48,TRUE,7/1/2020 22:05,2G_KLK042,,,
7786,,Major,7/1/2020 21:35,TRUE,7/2/2020 20:33,3G_KLK004,,,
7786,,Major,7/1/2020 21:34,TRUE,7/2/2020 9:57,3G_KLK033,,,
7706,,Major,7/1/2020 21:30,TRUE,7/1/2020 22:07,2G_KLK049,,,
7786,,Major,7/1/2020 21:29,TRUE,7/1/2020 22:08,3G_KLK049,,,
7706,,Major,7/1/2020 21:29,TRUE,7/1/2020 21:29,2G_DBL006,,,
7706,,Major,7/1/2020 21:29,TRUE,7/1/2020 21:29,2G_FTK004,,,
7786,,Major,7/1/2020 21:28,TRUE,7/1/2020 21:30,3G_FTK004,,,
7786,,Major,7/1/2020 21:28,TRUE,7/1/2020 23:20,3G_KLK050,,,
7706,,Major,7/1/2020 21:27,TRUE,7/1/2020 21:28,2G_KLK049,,,
7786,,Major,7/1/2020 21:26,TRUE,7/1/2020 21:29,3G_KLK049,,,
7706,,Major,7/1/2020 21:05,TRUE,7/1/2020 21:22,2G_DBL006,,,
7706,,Major,7/1/2020 21:05,TRUE,7/1/2020 21:22,2G_FTK004,,,
7786,,Major,7/1/2020 21:05,TRUE,7/1/2020 21:23,3G_FTK004,,,
7706,,Major,7/1/2020 20:24,TRUE,7/1/2020 20:24,2G_KLK002,,,
7786,,Major,7/1/2020 19:18,TRUE,7/1/2020 19:20,3G_KLK014,,,
7786,,Major,7/1/2020 19:17,TRUE,7/1/2020 19:18,3G_KLK014,,,
7786,,Major,7/1/2020 19:06,TRUE,7/1/2020 19:07,3G_KLK014,,,
7786,,Major,7/1/2020 17:11,TRUE,7/1/2020 17:12,3G_KLK014,,,
7786,,Major,7/1/2020 17:05,TRUE,7/1/2020 17:06,3G_KLK014,,,
7706,,Major,7/1/2020 14:48,TRUE,7/1/2020 14:50,2G_KLK014,,,
7786,,Major,7/1/2020 14:48,TRUE,7/1/2020 14:51,3G_KLK014,,,
7786,,Major,7/1/2020 14:45,TRUE,7/1/2020 14:47,3G_KLK014,,,
7786,,Major,7/1/2020 14:43,TRUE,7/1/2020 14:44,3G_KLK014,,,
7786,,Major,7/1/2020 14:26,TRUE,7/1/2020 14:28,3G_KLK014,,,
